acquisition,condition,rep,exact,mapping
none,cold,1,6,ProteinName=Protein.Group.Accessions|PeptideSequence=Sequence|PrecursorCharge=Charge|FragmentIon=Ions.Matched|ProductCharge=null|Run=Spectrum.File|Intensity=Intensity|Qvalue=null
none,cold,2,6,ProteinName=Protein.Group.Accessions|PeptideSequence=Sequence|PrecursorCharge=Charge|FragmentIon=Ions.Matched|ProductCharge=null|Run=Spectrum.File|Intensity=Intensity|Qvalue=null
none,cold,3,6,ProteinName=Protein.Group.Accessions|PeptideSequence=Sequence|PrecursorCharge=Charge|FragmentIon=Ions.Matched|ProductCharge=null|Run=Spectrum.File|Intensity=Intensity|Qvalue=null
none,cold,4,6,ProteinName=Protein.Group.Accessions|PeptideSequence=Sequence|PrecursorCharge=Charge|FragmentIon=Ions.Matched|ProductCharge=null|Run=Spectrum.File|Intensity=Intensity|Qvalue=null
none,cold,5,6,ProteinName=Protein.Group.Accessions|PeptideSequence=Sequence|PrecursorCharge=Charge|FragmentIon=Ions.Matched|ProductCharge=null|Run=Spectrum.File|Intensity=Intensity|Qvalue=null
none,cold,6,6,ProteinName=Protein.Group.Accessions|PeptideSequence=Sequence|PrecursorCharge=Charge|FragmentIon=Ions.Matched|ProductCharge=null|Run=Spectrum.File|Intensity=Intensity|Qvalue=null
none,cold,7,6,ProteinName=Protein.Group.Accessions|PeptideSequence=Sequence|PrecursorCharge=Charge|FragmentIon=Ions.Matched|ProductCharge=null|Run=Spectrum.File|Intensity=Intensity|Qvalue=null
none,cold,8,6,ProteinName=Protein.Group.Accessions|PeptideSequence=Sequence|PrecursorCharge=Charge|FragmentIon=Ions.Matched|ProductCharge=null|Run=Spectrum.File|Intensity=Intensity|Qvalue=null
none,cold,9,6,ProteinName=Protein.Group.Accessions|PeptideSequence=Sequence|PrecursorCharge=Charge|FragmentIon=Ions.Matched|ProductCharge=null|Run=Spectrum.File|Intensity=Intensity|Qvalue=null
none,cold,10,6,ProteinName=Protein.Group.Accessions|PeptideSequence=Sequence|PrecursorCharge=Charge|FragmentIon=Ions.Matched|ProductCharge=null|Run=Spectrum.File|Intensity=Intensity|Qvalue=null
none,warm,1,6,ProteinName=Protein.Group.Accessions|PeptideSequence=Sequence|PrecursorCharge=Charge|FragmentIon=Ions.Matched|ProductCharge=null|Run=Spectrum.File|Intensity=Intensity|Qvalue=null
none,warm,2,6,ProteinName=Protein.Group.Accessions|PeptideSequence=Sequence|PrecursorCharge=Charge|FragmentIon=Ions.Matched|ProductCharge=null|Run=Spectrum.File|Intensity=Intensity|Qvalue=null
none,warm,3,6,ProteinName=Protein.Group.Accessions|PeptideSequence=Sequence|PrecursorCharge=Charge|FragmentIon=Ions.Matched|ProductCharge=null|Run=Spectrum.File|Intensity=Intensity|Qvalue=null
none,warm,4,6,ProteinName=Protein.Group.Accessions|PeptideSequence=Sequence|PrecursorCharge=Charge|FragmentIon=Ions.Matched|ProductCharge=null|Run=Spectrum.File|Intensity=Intensity|Qvalue=null
none,warm,5,6,ProteinName=Protein.Group.Accessions|PeptideSequence=Sequence|PrecursorCharge=Charge|FragmentIon=Ions.Matched|ProductCharge=null|Run=Spectrum.File|Intensity=Intensity|Qvalue=null
none,warm,6,6,ProteinName=Protein.Group.Accessions|PeptideSequence=Sequence|PrecursorCharge=Charge|FragmentIon=Ions.Matched|ProductCharge=null|Run=Spectrum.File|Intensity=Intensity|Qvalue=null
none,warm,7,6,ProteinName=Protein.Group.Accessions|PeptideSequence=Sequence|PrecursorCharge=Charge|FragmentIon=Ions.Matched|ProductCharge=null|Run=Spectrum.File|Intensity=Intensity|Qvalue=null
none,warm,8,6,ProteinName=Protein.Group.Accessions|PeptideSequence=Sequence|PrecursorCharge=Charge|FragmentIon=Ions.Matched|ProductCharge=null|Run=Spectrum.File|Intensity=Intensity|Qvalue=null
none,warm,9,6,ProteinName=Protein.Group.Accessions|PeptideSequence=Sequence|PrecursorCharge=Charge|FragmentIon=Ions.Matched|ProductCharge=null|Run=Spectrum.File|Intensity=Intensity|Qvalue=null
none,warm,10,6,ProteinName=Protein.Group.Accessions|PeptideSequence=Sequence|PrecursorCharge=Charge|FragmentIon=Ions.Matched|ProductCharge=null|Run=Spectrum.File|Intensity=Intensity|Qvalue=null
DDA,cold,1,6,ProteinName=Protein.Group.Accessions|PeptideSequence=Sequence|PrecursorCharge=Charge|FragmentIon=null|ProductCharge=null|Run=Spectrum.File|Intensity=Intensity|Qvalue=Exp.Value
DDA,cold,2,6,ProteinName=Protein.Group.Accessions|PeptideSequence=Sequence|PrecursorCharge=Charge|FragmentIon=null|ProductCharge=null|Run=Spectrum.File|Intensity=Intensity|Qvalue=Exp.Value
DDA,cold,3,6,ProteinName=Protein.Group.Accessions|PeptideSequence=Sequence|PrecursorCharge=Charge|FragmentIon=null|ProductCharge=null|Run=Spectrum.File|Intensity=Intensity|Qvalue=Exp.Value
DDA,cold,4,6,ProteinName=Protein.Group.Accessions|PeptideSequence=Sequence|PrecursorCharge=Charge|FragmentIon=null|ProductCharge=null|Run=Spectrum.File|Intensity=Intensity|Qvalue=Exp.Value
DDA,cold,5,6,ProteinName=Protein.Group.Accessions|PeptideSequence=Sequence|PrecursorCharge=Charge|FragmentIon=null|ProductCharge=null|Run=Spectrum.File|Intensity=Intensity|Qvalue=Exp.Value
DDA,cold,6,6,ProteinName=Protein.Group.Accessions|PeptideSequence=Sequence|PrecursorCharge=Charge|FragmentIon=null|ProductCharge=null|Run=Spectrum.File|Intensity=Intensity|Qvalue=Exp.Value
DDA,cold,7,6,ProteinName=Protein.Group.Accessions|PeptideSequence=Sequence|PrecursorCharge=Charge|FragmentIon=null|ProductCharge=null|Run=Spectrum.File|Intensity=Intensity|Qvalue=Exp.Value
DDA,cold,8,6,ProteinName=Protein.Group.Accessions|PeptideSequence=Sequence|PrecursorCharge=Charge|FragmentIon=null|ProductCharge=null|Run=Spectrum.File|Intensity=Intensity|Qvalue=Exp.Value
DDA,cold,9,6,ProteinName=Protein.Group.Accessions|PeptideSequence=Sequence|PrecursorCharge=Charge|FragmentIon=null|ProductCharge=null|Run=Spectrum.File|Intensity=Intensity|Qvalue=Exp.Value
DDA,cold,10,6,ProteinName=Protein.Group.Accessions|PeptideSequence=Sequence|PrecursorCharge=Charge|FragmentIon=null|ProductCharge=null|Run=Spectrum.File|Intensity=Intensity|Qvalue=Exp.Value
DDA,warm,1,6,ProteinName=Protein.Group.Accessions|PeptideSequence=Sequence|PrecursorCharge=Charge|FragmentIon=null|ProductCharge=null|Run=Spectrum.File|Intensity=Intensity|Qvalue=Exp.Value
DDA,warm,2,6,ProteinName=Protein.Group.Accessions|PeptideSequence=Sequence|PrecursorCharge=Charge|FragmentIon=null|ProductCharge=null|Run=Spectrum.File|Intensity=Intensity|Qvalue=Exp.Value
DDA,warm,3,6,ProteinName=Protein.Group.Accessions|PeptideSequence=Sequence|PrecursorCharge=Charge|FragmentIon=null|ProductCharge=null|Run=Spectrum.File|Intensity=Intensity|Qvalue=Exp.Value
DDA,warm,4,6,ProteinName=Protein.Group.Accessions|PeptideSequence=Sequence|PrecursorCharge=Charge|FragmentIon=null|ProductCharge=null|Run=Spectrum.File|Intensity=Intensity|Qvalue=Exp.Value
DDA,warm,5,6,ProteinName=Protein.Group.Accessions|PeptideSequence=Sequence|PrecursorCharge=Charge|FragmentIon=null|ProductCharge=null|Run=Spectrum.File|Intensity=Intensity|Qvalue=Exp.Value
DDA,warm,6,6,ProteinName=Protein.Group.Accessions|PeptideSequence=Sequence|PrecursorCharge=Charge|FragmentIon=null|ProductCharge=null|Run=Spectrum.File|Intensity=Intensity|Qvalue=Exp.Value
DDA,warm,7,6,ProteinName=Protein.Group.Accessions|PeptideSequence=Sequence|PrecursorCharge=Charge|FragmentIon=null|ProductCharge=null|Run=Spectrum.File|Intensity=Intensity|Qvalue=Exp.Value
DDA,warm,8,6,ProteinName=Protein.Group.Accessions|PeptideSequence=Sequence|PrecursorCharge=Charge|FragmentIon=null|ProductCharge=null|Run=Spectrum.File|Intensity=Intensity|Qvalue=Exp.Value
DDA,warm,9,6,ProteinName=Protein.Group.Accessions|PeptideSequence=Sequence|PrecursorCharge=Charge|FragmentIon=null|ProductCharge=null|Run=Spectrum.File|Intensity=Intensity|Qvalue=Exp.Value
DDA,warm,10,6,ProteinName=Protein.Group.Accessions|PeptideSequence=Sequence|PrecursorCharge=Charge|FragmentIon=null|ProductCharge=null|Run=Spectrum.File|Intensity=Intensity|Qvalue=Exp.Value
