field,predicted,expected,n_acceptable,exact_match,acceptable_match,candidate_hit,confidence,has_candidates,n_candidates,model,tool,prompt,rep,elapsed_sec
ProteinName,PG.ProteinAccessions,PG.ProteinGroups,2,FALSE,TRUE,FALSE,1,TRUE,1,llama3.2-3b,spectronaut,lean,1,5.47
PeptideSequence,PEP.StrippedSequence,EG.ModifiedSequence,1,FALSE,FALSE,FALSE,1,TRUE,1,llama3.2-3b,spectronaut,lean,1,5.47
PrecursorCharge,FG.Charge,FG.Charge,1,TRUE,TRUE,FALSE,1,TRUE,1,llama3.2-3b,spectronaut,lean,1,5.47
FragmentIon,F.FrgIon,F.FrgIon,1,TRUE,TRUE,FALSE,1,TRUE,1,llama3.2-3b,spectronaut,lean,1,5.47
ProductCharge,FG.Charge,F.Charge,2,FALSE,FALSE,FALSE,1,TRUE,1,llama3.2-3b,spectronaut,lean,1,5.47
Run,R.FileName,R.FileName,1,TRUE,TRUE,FALSE,1,TRUE,1,llama3.2-3b,spectronaut,lean,1,5.47
Intensity,F.PeakArea,F.PeakArea,4,TRUE,TRUE,FALSE,1,TRUE,1,llama3.2-3b,spectronaut,lean,1,5.47
Qvalue,PG.Qvalue,EG.Qvalue,1,FALSE,FALSE,FALSE,1,TRUE,1,llama3.2-3b,spectronaut,lean,1,5.47
ProteinName,PG.ProteinAccessions,PG.ProteinGroups,2,FALSE,TRUE,FALSE,1,TRUE,1,llama3.2-3b,spectronaut,lean,2,5.48
PeptideSequence,PEP.StrippedSequence,EG.ModifiedSequence,1,FALSE,FALSE,FALSE,1,TRUE,1,llama3.2-3b,spectronaut,lean,2,5.48
PrecursorCharge,FG.Charge,FG.Charge,1,TRUE,TRUE,FALSE,1,TRUE,1,llama3.2-3b,spectronaut,lean,2,5.48
FragmentIon,F.FrgIon,F.FrgIon,1,TRUE,TRUE,FALSE,1,TRUE,1,llama3.2-3b,spectronaut,lean,2,5.48
ProductCharge,FG.Charge,F.Charge,2,FALSE,FALSE,FALSE,1,TRUE,1,llama3.2-3b,spectronaut,lean,2,5.48
Run,R.FileName,R.FileName,1,TRUE,TRUE,FALSE,1,TRUE,1,llama3.2-3b,spectronaut,lean,2,5.48
Intensity,F.PeakArea,F.PeakArea,4,TRUE,TRUE,FALSE,1,TRUE,1,llama3.2-3b,spectronaut,lean,2,5.48
Qvalue,PG.Qvalue,EG.Qvalue,1,FALSE,FALSE,FALSE,1,TRUE,1,llama3.2-3b,spectronaut,lean,2,5.48
ProteinName,PG.ProteinAccessions,PG.ProteinGroups,2,FALSE,TRUE,FALSE,1,TRUE,1,llama3.2-3b,spectronaut,lean,3,5.8
PeptideSequence,PEP.StrippedSequence,EG.ModifiedSequence,1,FALSE,FALSE,FALSE,1,TRUE,1,llama3.2-3b,spectronaut,lean,3,5.8
PrecursorCharge,FG.Charge,FG.Charge,1,TRUE,TRUE,FALSE,1,TRUE,1,llama3.2-3b,spectronaut,lean,3,5.8
FragmentIon,F.FrgIon,F.FrgIon,1,TRUE,TRUE,FALSE,1,TRUE,1,llama3.2-3b,spectronaut,lean,3,5.8
ProductCharge,FG.Charge,F.Charge,2,FALSE,FALSE,FALSE,1,TRUE,1,llama3.2-3b,spectronaut,lean,3,5.8
Run,R.FileName,R.FileName,1,TRUE,TRUE,FALSE,1,TRUE,1,llama3.2-3b,spectronaut,lean,3,5.8
Intensity,F.PeakArea,F.PeakArea,4,TRUE,TRUE,FALSE,1,TRUE,1,llama3.2-3b,spectronaut,lean,3,5.8
Qvalue,PG.Qvalue,EG.Qvalue,1,FALSE,FALSE,FALSE,1,TRUE,1,llama3.2-3b,spectronaut,lean,3,5.8
ProteinName,PG.ProteinAccessions,PG.ProteinGroups,2,FALSE,TRUE,FALSE,0.98,TRUE,1,llama3.2-3b,spectronaut,constrained,1,8.89
PeptideSequence,PEP.StrippedSequence,EG.ModifiedSequence,1,FALSE,FALSE,FALSE,0.98,TRUE,1,llama3.2-3b,spectronaut,constrained,1,8.89
PrecursorCharge,FG.Charge,FG.Charge,1,TRUE,TRUE,FALSE,0.98,TRUE,1,llama3.2-3b,spectronaut,constrained,1,8.89
FragmentIon,F.FrgIon,F.FrgIon,1,TRUE,TRUE,FALSE,0.92,TRUE,1,llama3.2-3b,spectronaut,constrained,1,8.89
ProductCharge,FG.Charge,F.Charge,2,FALSE,FALSE,FALSE,0.92,TRUE,1,llama3.2-3b,spectronaut,constrained,1,8.89
Run,R.FileName,R.FileName,1,TRUE,TRUE,FALSE,0.92,TRUE,1,llama3.2-3b,spectronaut,constrained,1,8.89
Intensity,F.NormalizedPeakArea,F.PeakArea,4,FALSE,TRUE,FALSE,0.92,TRUE,1,llama3.2-3b,spectronaut,constrained,1,8.89
Qvalue,PG.Qvalue,EG.Qvalue,1,FALSE,FALSE,FALSE,0.92,TRUE,1,llama3.2-3b,spectronaut,constrained,1,8.89
ProteinName,PG.ProteinAccessions,PG.ProteinGroups,2,FALSE,TRUE,FALSE,0.98,TRUE,1,llama3.2-3b,spectronaut,constrained,2,7.91
PeptideSequence,PEP.StrippedSequence,EG.ModifiedSequence,1,FALSE,FALSE,FALSE,0.98,TRUE,1,llama3.2-3b,spectronaut,constrained,2,7.91
PrecursorCharge,FG.Charge,FG.Charge,1,TRUE,TRUE,FALSE,0.98,TRUE,1,llama3.2-3b,spectronaut,constrained,2,7.91
FragmentIon,F.FrgIon,F.FrgIon,1,TRUE,TRUE,FALSE,0.92,TRUE,1,llama3.2-3b,spectronaut,constrained,2,7.91
ProductCharge,FG.Charge,F.Charge,2,FALSE,FALSE,FALSE,0.92,TRUE,1,llama3.2-3b,spectronaut,constrained,2,7.91
Run,R.FileName,R.FileName,1,TRUE,TRUE,FALSE,0.92,TRUE,1,llama3.2-3b,spectronaut,constrained,2,7.91
Intensity,F.NormalizedPeakArea,F.PeakArea,4,FALSE,TRUE,FALSE,0.92,TRUE,1,llama3.2-3b,spectronaut,constrained,2,7.91
Qvalue,PG.Qvalue,EG.Qvalue,1,FALSE,FALSE,FALSE,0.92,TRUE,1,llama3.2-3b,spectronaut,constrained,2,7.91
ProteinName,PG.ProteinAccessions,PG.ProteinGroups,2,FALSE,TRUE,FALSE,0.98,TRUE,1,llama3.2-3b,spectronaut,constrained,3,9.75
PeptideSequence,PEP.StrippedSequence,EG.ModifiedSequence,1,FALSE,FALSE,FALSE,0.98,TRUE,1,llama3.2-3b,spectronaut,constrained,3,9.75
PrecursorCharge,FG.Charge,FG.Charge,1,TRUE,TRUE,FALSE,0.98,TRUE,1,llama3.2-3b,spectronaut,constrained,3,9.75
FragmentIon,F.FrgIon,F.FrgIon,1,TRUE,TRUE,FALSE,0.92,TRUE,1,llama3.2-3b,spectronaut,constrained,3,9.75
ProductCharge,FG.Charge,F.Charge,2,FALSE,FALSE,FALSE,0.92,TRUE,1,llama3.2-3b,spectronaut,constrained,3,9.75
Run,R.FileName,R.FileName,1,TRUE,TRUE,FALSE,0.92,TRUE,1,llama3.2-3b,spectronaut,constrained,3,9.75
Intensity,F.NormalizedPeakArea,F.PeakArea,4,FALSE,TRUE,FALSE,0.92,TRUE,1,llama3.2-3b,spectronaut,constrained,3,9.75
Qvalue,PG.Qvalue,EG.Qvalue,1,FALSE,FALSE,FALSE,0.92,TRUE,1,llama3.2-3b,spectronaut,constrained,3,9.75
ProteinName,PG.ProteinAccessions,PG.ProteinGroups,2,FALSE,TRUE,FALSE,1,TRUE,1,llama3.2-3b,spectronaut,filter_aware,1,13.73
PeptideSequence,PEP.StrippedSequence,EG.ModifiedSequence,1,FALSE,FALSE,FALSE,1,TRUE,1,llama3.2-3b,spectronaut,filter_aware,1,13.73
PrecursorCharge,FG.Charge,FG.Charge,1,TRUE,TRUE,FALSE,1,TRUE,1,llama3.2-3b,spectronaut,filter_aware,1,13.73
FragmentIon,F.FrgIon,F.FrgIon,1,TRUE,TRUE,FALSE,1,TRUE,1,llama3.2-3b,spectronaut,filter_aware,1,13.73
ProductCharge,FG.Charge,F.Charge,2,FALSE,FALSE,FALSE,1,TRUE,1,llama3.2-3b,spectronaut,filter_aware,1,13.73
Run,R.FileName,R.FileName,1,TRUE,TRUE,FALSE,1,TRUE,1,llama3.2-3b,spectronaut,filter_aware,1,13.73
Intensity,F.NormalizedPeakArea,F.PeakArea,4,FALSE,TRUE,FALSE,1,TRUE,1,llama3.2-3b,spectronaut,filter_aware,1,13.73
Qvalue,PG.Qvalue,EG.Qvalue,1,FALSE,FALSE,FALSE,1,TRUE,1,llama3.2-3b,spectronaut,filter_aware,1,13.73
ProteinName,PG.ProteinAccessions,PG.ProteinGroups,2,FALSE,TRUE,FALSE,1,TRUE,1,llama3.2-3b,spectronaut,filter_aware,2,15.35
PeptideSequence,PEP.StrippedSequence,EG.ModifiedSequence,1,FALSE,FALSE,FALSE,1,TRUE,1,llama3.2-3b,spectronaut,filter_aware,2,15.35
PrecursorCharge,FG.Charge,FG.Charge,1,TRUE,TRUE,FALSE,1,TRUE,1,llama3.2-3b,spectronaut,filter_aware,2,15.35
FragmentIon,F.FrgIon,F.FrgIon,1,TRUE,TRUE,FALSE,1,TRUE,1,llama3.2-3b,spectronaut,filter_aware,2,15.35
ProductCharge,FG.Charge,F.Charge,2,FALSE,FALSE,FALSE,1,TRUE,1,llama3.2-3b,spectronaut,filter_aware,2,15.35
Run,R.FileName,R.FileName,1,TRUE,TRUE,FALSE,1,TRUE,1,llama3.2-3b,spectronaut,filter_aware,2,15.35
Intensity,F.NormalizedPeakArea,F.PeakArea,4,FALSE,TRUE,FALSE,1,TRUE,1,llama3.2-3b,spectronaut,filter_aware,2,15.35
Qvalue,PG.Qvalue,EG.Qvalue,1,FALSE,FALSE,FALSE,1,TRUE,1,llama3.2-3b,spectronaut,filter_aware,2,15.35
ProteinName,PG.ProteinAccessions,PG.ProteinGroups,2,FALSE,TRUE,FALSE,1,TRUE,1,llama3.2-3b,spectronaut,filter_aware,3,14.95
PeptideSequence,PEP.StrippedSequence,EG.ModifiedSequence,1,FALSE,FALSE,FALSE,1,TRUE,1,llama3.2-3b,spectronaut,filter_aware,3,14.95
PrecursorCharge,FG.Charge,FG.Charge,1,TRUE,TRUE,FALSE,1,TRUE,1,llama3.2-3b,spectronaut,filter_aware,3,14.95
FragmentIon,F.FrgIon,F.FrgIon,1,TRUE,TRUE,FALSE,1,TRUE,1,llama3.2-3b,spectronaut,filter_aware,3,14.95
ProductCharge,FG.Charge,F.Charge,2,FALSE,FALSE,FALSE,1,TRUE,1,llama3.2-3b,spectronaut,filter_aware,3,14.95
Run,R.FileName,R.FileName,1,TRUE,TRUE,FALSE,1,TRUE,1,llama3.2-3b,spectronaut,filter_aware,3,14.95
Intensity,F.NormalizedPeakArea,F.PeakArea,4,FALSE,TRUE,FALSE,1,TRUE,1,llama3.2-3b,spectronaut,filter_aware,3,14.95
Qvalue,PG.Qvalue,EG.Qvalue,1,FALSE,FALSE,FALSE,1,TRUE,1,llama3.2-3b,spectronaut,filter_aware,3,14.95
ProteinName,PG.ProteinAccessions,PG.ProteinGroups,2,FALSE,TRUE,FALSE,0.98,TRUE,1,llama3.2-3b,spectronaut,constrained_filter,1,14.29
PeptideSequence,PEP.StrippedSequence,EG.ModifiedSequence,1,FALSE,FALSE,FALSE,0.98,TRUE,1,llama3.2-3b,spectronaut,constrained_filter,1,14.29
PrecursorCharge,FG.Charge,FG.Charge,1,TRUE,TRUE,FALSE,0.92,TRUE,1,llama3.2-3b,spectronaut,constrained_filter,1,14.29
FragmentIon,F.FrgIon,F.FrgIon,1,TRUE,TRUE,FALSE,0.92,TRUE,1,llama3.2-3b,spectronaut,constrained_filter,1,14.29
ProductCharge,FG.Charge,F.Charge,2,FALSE,FALSE,TRUE,0.92,TRUE,1,llama3.2-3b,spectronaut,constrained_filter,1,14.29
Run,R.FileName,R.FileName,1,TRUE,TRUE,FALSE,0.92,TRUE,1,llama3.2-3b,spectronaut,constrained_filter,1,14.29
Intensity,F.NormalizedPeakArea,F.PeakArea,4,FALSE,TRUE,FALSE,0.92,TRUE,1,llama3.2-3b,spectronaut,constrained_filter,1,14.29
Qvalue,PG.Qvalue,EG.Qvalue,1,FALSE,FALSE,FALSE,0.92,TRUE,1,llama3.2-3b,spectronaut,constrained_filter,1,14.29
ProteinName,PG.ProteinAccessions,PG.ProteinGroups,2,FALSE,TRUE,FALSE,0.98,TRUE,1,llama3.2-3b,spectronaut,constrained_filter,2,13.91
PeptideSequence,PEP.StrippedSequence,EG.ModifiedSequence,1,FALSE,FALSE,FALSE,0.98,TRUE,1,llama3.2-3b,spectronaut,constrained_filter,2,13.91
PrecursorCharge,FG.Charge,FG.Charge,1,TRUE,TRUE,FALSE,0.92,TRUE,1,llama3.2-3b,spectronaut,constrained_filter,2,13.91
FragmentIon,F.FrgIon,F.FrgIon,1,TRUE,TRUE,FALSE,0.92,TRUE,1,llama3.2-3b,spectronaut,constrained_filter,2,13.91
ProductCharge,FG.Charge,F.Charge,2,FALSE,FALSE,TRUE,0.92,TRUE,1,llama3.2-3b,spectronaut,constrained_filter,2,13.91
Run,R.FileName,R.FileName,1,TRUE,TRUE,FALSE,0.92,TRUE,1,llama3.2-3b,spectronaut,constrained_filter,2,13.91
Intensity,F.NormalizedPeakArea,F.PeakArea,4,FALSE,TRUE,FALSE,0.92,TRUE,1,llama3.2-3b,spectronaut,constrained_filter,2,13.91
Qvalue,PG.Qvalue,EG.Qvalue,1,FALSE,FALSE,FALSE,0.92,TRUE,1,llama3.2-3b,spectronaut,constrained_filter,2,13.91
ProteinName,PG.ProteinAccessions,PG.ProteinGroups,2,FALSE,TRUE,FALSE,0.98,TRUE,1,llama3.2-3b,spectronaut,constrained_filter,3,15.75
PeptideSequence,PEP.StrippedSequence,EG.ModifiedSequence,1,FALSE,FALSE,FALSE,0.98,TRUE,1,llama3.2-3b,spectronaut,constrained_filter,3,15.75
PrecursorCharge,FG.Charge,FG.Charge,1,TRUE,TRUE,FALSE,0.92,TRUE,1,llama3.2-3b,spectronaut,constrained_filter,3,15.75
FragmentIon,F.FrgIon,F.FrgIon,1,TRUE,TRUE,FALSE,0.92,TRUE,1,llama3.2-3b,spectronaut,constrained_filter,3,15.75
ProductCharge,FG.Charge,F.Charge,2,FALSE,FALSE,TRUE,0.92,TRUE,1,llama3.2-3b,spectronaut,constrained_filter,3,15.75
Run,R.FileName,R.FileName,1,TRUE,TRUE,FALSE,0.92,TRUE,1,llama3.2-3b,spectronaut,constrained_filter,3,15.75
Intensity,F.NormalizedPeakArea,F.PeakArea,4,FALSE,TRUE,FALSE,0.92,TRUE,1,llama3.2-3b,spectronaut,constrained_filter,3,15.75
Qvalue,PG.Qvalue,EG.Qvalue,1,FALSE,FALSE,FALSE,0.92,TRUE,1,llama3.2-3b,spectronaut,constrained_filter,3,15.75
ProteinName,PG.ProteinAccessions,PG.ProteinGroups,2,FALSE,TRUE,FALSE,0.98,TRUE,1,llama3.2-3b,spectronaut,constrained_v2,1,8.4
PeptideSequence,EG.ModifiedSequence,EG.ModifiedSequence,1,TRUE,TRUE,FALSE,0.98,TRUE,1,llama3.2-3b,spectronaut,constrained_v2,1,8.4
PrecursorCharge,FG.Charge,FG.Charge,1,TRUE,TRUE,FALSE,0.98,TRUE,1,llama3.2-3b,spectronaut,constrained_v2,1,8.4
FragmentIon,F.FrgIon,F.FrgIon,1,TRUE,TRUE,FALSE,0.98,TRUE,1,llama3.2-3b,spectronaut,constrained_v2,1,8.4
ProductCharge,FG.Charge,F.Charge,2,FALSE,FALSE,FALSE,0.98,TRUE,1,llama3.2-3b,spectronaut,constrained_v2,1,8.4
Run,R.FileName,R.FileName,1,TRUE,TRUE,FALSE,0.92,TRUE,1,llama3.2-3b,spectronaut,constrained_v2,1,8.4
Intensity,F.NormalizedPeakArea,F.PeakArea,4,FALSE,TRUE,FALSE,0.92,TRUE,1,llama3.2-3b,spectronaut,constrained_v2,1,8.4
Qvalue,PG.Qvalue,EG.Qvalue,1,FALSE,FALSE,FALSE,0.98,TRUE,1,llama3.2-3b,spectronaut,constrained_v2,1,8.4
ProteinName,PG.ProteinAccessions,PG.ProteinGroups,2,FALSE,TRUE,FALSE,0.98,TRUE,1,llama3.2-3b,spectronaut,constrained_v2,2,7.68
PeptideSequence,EG.ModifiedSequence,EG.ModifiedSequence,1,TRUE,TRUE,FALSE,0.98,TRUE,1,llama3.2-3b,spectronaut,constrained_v2,2,7.68
PrecursorCharge,FG.Charge,FG.Charge,1,TRUE,TRUE,FALSE,0.98,TRUE,1,llama3.2-3b,spectronaut,constrained_v2,2,7.68
FragmentIon,F.FrgIon,F.FrgIon,1,TRUE,TRUE,FALSE,0.98,TRUE,1,llama3.2-3b,spectronaut,constrained_v2,2,7.68
ProductCharge,FG.Charge,F.Charge,2,FALSE,FALSE,FALSE,0.98,TRUE,1,llama3.2-3b,spectronaut,constrained_v2,2,7.68
Run,R.FileName,R.FileName,1,TRUE,TRUE,FALSE,0.92,TRUE,1,llama3.2-3b,spectronaut,constrained_v2,2,7.68
Intensity,F.NormalizedPeakArea,F.PeakArea,4,FALSE,TRUE,FALSE,0.92,TRUE,1,llama3.2-3b,spectronaut,constrained_v2,2,7.68
Qvalue,PG.Qvalue,EG.Qvalue,1,FALSE,FALSE,FALSE,0.98,TRUE,1,llama3.2-3b,spectronaut,constrained_v2,2,7.68
ProteinName,PG.ProteinAccessions,PG.ProteinGroups,2,FALSE,TRUE,FALSE,0.98,TRUE,1,llama3.2-3b,spectronaut,constrained_v2,3,7.22
PeptideSequence,EG.ModifiedSequence,EG.ModifiedSequence,1,TRUE,TRUE,FALSE,0.98,TRUE,1,llama3.2-3b,spectronaut,constrained_v2,3,7.22
PrecursorCharge,FG.Charge,FG.Charge,1,TRUE,TRUE,FALSE,0.98,TRUE,1,llama3.2-3b,spectronaut,constrained_v2,3,7.22
FragmentIon,F.FrgIon,F.FrgIon,1,TRUE,TRUE,FALSE,0.98,TRUE,1,llama3.2-3b,spectronaut,constrained_v2,3,7.22
ProductCharge,FG.Charge,F.Charge,2,FALSE,FALSE,FALSE,0.98,TRUE,1,llama3.2-3b,spectronaut,constrained_v2,3,7.22
Run,R.FileName,R.FileName,1,TRUE,TRUE,FALSE,0.92,TRUE,1,llama3.2-3b,spectronaut,constrained_v2,3,7.22
Intensity,F.NormalizedPeakArea,F.PeakArea,4,FALSE,TRUE,FALSE,0.92,TRUE,1,llama3.2-3b,spectronaut,constrained_v2,3,7.22
Qvalue,PG.Qvalue,EG.Qvalue,1,FALSE,FALSE,FALSE,0.98,TRUE,1,llama3.2-3b,spectronaut,constrained_v2,3,7.22
ProteinName,PG.ProteinAccessions,PG.ProteinGroups,2,FALSE,TRUE,FALSE,0.98,TRUE,1,llama3.2-3b,spectronaut,constrained_filter_v2,1,8.33
PeptideSequence,PEP.StrippedSequence,EG.ModifiedSequence,1,FALSE,FALSE,TRUE,0.98,TRUE,1,llama3.2-3b,spectronaut,constrained_filter_v2,1,8.33
PrecursorCharge,FG.Charge,FG.Charge,1,TRUE,TRUE,FALSE,0.98,TRUE,1,llama3.2-3b,spectronaut,constrained_filter_v2,1,8.33
FragmentIon,F.FrgIon,F.FrgIon,1,TRUE,TRUE,FALSE,0.92,TRUE,1,llama3.2-3b,spectronaut,constrained_filter_v2,1,8.33
ProductCharge,FG.Charge,F.Charge,2,FALSE,FALSE,FALSE,0.92,TRUE,1,llama3.2-3b,spectronaut,constrained_filter_v2,1,8.33
Run,R.FileName,R.FileName,1,TRUE,TRUE,FALSE,0.92,TRUE,1,llama3.2-3b,spectronaut,constrained_filter_v2,1,8.33
Intensity,F.NormalizedPeakArea,F.PeakArea,4,FALSE,TRUE,FALSE,0.92,TRUE,1,llama3.2-3b,spectronaut,constrained_filter_v2,1,8.33
Qvalue,PG.Qvalue,EG.Qvalue,1,FALSE,FALSE,FALSE,0.98,TRUE,1,llama3.2-3b,spectronaut,constrained_filter_v2,1,8.33
ProteinName,PG.ProteinAccessions,PG.ProteinGroups,2,FALSE,TRUE,FALSE,0.98,TRUE,1,llama3.2-3b,spectronaut,constrained_filter_v2,2,7.57
PeptideSequence,PEP.StrippedSequence,EG.ModifiedSequence,1,FALSE,FALSE,TRUE,0.98,TRUE,1,llama3.2-3b,spectronaut,constrained_filter_v2,2,7.57
PrecursorCharge,FG.Charge,FG.Charge,1,TRUE,TRUE,FALSE,0.98,TRUE,1,llama3.2-3b,spectronaut,constrained_filter_v2,2,7.57
FragmentIon,F.FrgIon,F.FrgIon,1,TRUE,TRUE,FALSE,0.92,TRUE,1,llama3.2-3b,spectronaut,constrained_filter_v2,2,7.57
ProductCharge,FG.Charge,F.Charge,2,FALSE,FALSE,FALSE,0.92,TRUE,1,llama3.2-3b,spectronaut,constrained_filter_v2,2,7.57
Run,R.FileName,R.FileName,1,TRUE,TRUE,FALSE,0.92,TRUE,1,llama3.2-3b,spectronaut,constrained_filter_v2,2,7.57
Intensity,F.NormalizedPeakArea,F.PeakArea,4,FALSE,TRUE,FALSE,0.92,TRUE,1,llama3.2-3b,spectronaut,constrained_filter_v2,2,7.57
Qvalue,PG.Qvalue,EG.Qvalue,1,FALSE,FALSE,FALSE,0.98,TRUE,1,llama3.2-3b,spectronaut,constrained_filter_v2,2,7.57
ProteinName,PG.ProteinAccessions,PG.ProteinGroups,2,FALSE,TRUE,FALSE,0.98,TRUE,1,llama3.2-3b,spectronaut,constrained_filter_v2,3,9.25
PeptideSequence,PEP.StrippedSequence,EG.ModifiedSequence,1,FALSE,FALSE,TRUE,0.98,TRUE,1,llama3.2-3b,spectronaut,constrained_filter_v2,3,9.25
PrecursorCharge,FG.Charge,FG.Charge,1,TRUE,TRUE,FALSE,0.98,TRUE,1,llama3.2-3b,spectronaut,constrained_filter_v2,3,9.25
FragmentIon,F.FrgIon,F.FrgIon,1,TRUE,TRUE,FALSE,0.92,TRUE,1,llama3.2-3b,spectronaut,constrained_filter_v2,3,9.25
ProductCharge,FG.Charge,F.Charge,2,FALSE,FALSE,FALSE,0.92,TRUE,1,llama3.2-3b,spectronaut,constrained_filter_v2,3,9.25
Run,R.FileName,R.FileName,1,TRUE,TRUE,FALSE,0.92,TRUE,1,llama3.2-3b,spectronaut,constrained_filter_v2,3,9.25
Intensity,F.NormalizedPeakArea,F.PeakArea,4,FALSE,TRUE,FALSE,0.92,TRUE,1,llama3.2-3b,spectronaut,constrained_filter_v2,3,9.25
Qvalue,PG.Qvalue,EG.Qvalue,1,FALSE,FALSE,FALSE,0.98,TRUE,1,llama3.2-3b,spectronaut,constrained_filter_v2,3,9.25
ProteinName,PG.ProteinAccessions,PG.ProteinGroups,2,FALSE,TRUE,FALSE,0.98,TRUE,1,llama3.2-3b,spectronaut,constrained_v3,1,8.12
PeptideSequence,EG.ModifiedSequence,EG.ModifiedSequence,1,TRUE,TRUE,FALSE,0.98,TRUE,1,llama3.2-3b,spectronaut,constrained_v3,1,8.12
PrecursorCharge,FG.Charge,FG.Charge,1,TRUE,TRUE,FALSE,0.98,TRUE,1,llama3.2-3b,spectronaut,constrained_v3,1,8.12
FragmentIon,F.FrgIon,F.FrgIon,1,TRUE,TRUE,FALSE,0.98,TRUE,1,llama3.2-3b,spectronaut,constrained_v3,1,8.12
ProductCharge,FG.Charge,F.Charge,2,FALSE,FALSE,FALSE,0.98,TRUE,1,llama3.2-3b,spectronaut,constrained_v3,1,8.12
Run,R.FileName,R.FileName,1,TRUE,TRUE,FALSE,0.92,TRUE,1,llama3.2-3b,spectronaut,constrained_v3,1,8.12
Intensity,F.NormalizedPeakArea,F.PeakArea,4,FALSE,TRUE,FALSE,0.92,TRUE,1,llama3.2-3b,spectronaut,constrained_v3,1,8.12
Qvalue,PG.Qvalue,EG.Qvalue,1,FALSE,FALSE,FALSE,0.98,TRUE,1,llama3.2-3b,spectronaut,constrained_v3,1,8.12
ProteinName,PG.ProteinAccessions,PG.ProteinGroups,2,FALSE,TRUE,FALSE,0.98,TRUE,1,llama3.2-3b,spectronaut,constrained_v3,2,7.5
PeptideSequence,EG.ModifiedSequence,EG.ModifiedSequence,1,TRUE,TRUE,FALSE,0.98,TRUE,1,llama3.2-3b,spectronaut,constrained_v3,2,7.5
PrecursorCharge,FG.Charge,FG.Charge,1,TRUE,TRUE,FALSE,0.98,TRUE,1,llama3.2-3b,spectronaut,constrained_v3,2,7.5
FragmentIon,F.FrgIon,F.FrgIon,1,TRUE,TRUE,FALSE,0.98,TRUE,1,llama3.2-3b,spectronaut,constrained_v3,2,7.5
ProductCharge,FG.Charge,F.Charge,2,FALSE,FALSE,FALSE,0.98,TRUE,1,llama3.2-3b,spectronaut,constrained_v3,2,7.5
Run,R.FileName,R.FileName,1,TRUE,TRUE,FALSE,0.92,TRUE,1,llama3.2-3b,spectronaut,constrained_v3,2,7.5
Intensity,F.NormalizedPeakArea,F.PeakArea,4,FALSE,TRUE,FALSE,0.92,TRUE,1,llama3.2-3b,spectronaut,constrained_v3,2,7.5
Qvalue,PG.Qvalue,EG.Qvalue,1,FALSE,FALSE,FALSE,0.98,TRUE,1,llama3.2-3b,spectronaut,constrained_v3,2,7.5
ProteinName,PG.ProteinAccessions,PG.ProteinGroups,2,FALSE,TRUE,FALSE,0.98,TRUE,1,llama3.2-3b,spectronaut,constrained_v3,3,7.25
PeptideSequence,EG.ModifiedSequence,EG.ModifiedSequence,1,TRUE,TRUE,FALSE,0.98,TRUE,1,llama3.2-3b,spectronaut,constrained_v3,3,7.25
PrecursorCharge,FG.Charge,FG.Charge,1,TRUE,TRUE,FALSE,0.98,TRUE,1,llama3.2-3b,spectronaut,constrained_v3,3,7.25
FragmentIon,F.FrgIon,F.FrgIon,1,TRUE,TRUE,FALSE,0.98,TRUE,1,llama3.2-3b,spectronaut,constrained_v3,3,7.25
ProductCharge,FG.Charge,F.Charge,2,FALSE,FALSE,FALSE,0.98,TRUE,1,llama3.2-3b,spectronaut,constrained_v3,3,7.25
Run,R.FileName,R.FileName,1,TRUE,TRUE,FALSE,0.92,TRUE,1,llama3.2-3b,spectronaut,constrained_v3,3,7.25
Intensity,F.NormalizedPeakArea,F.PeakArea,4,FALSE,TRUE,FALSE,0.92,TRUE,1,llama3.2-3b,spectronaut,constrained_v3,3,7.25
Qvalue,PG.Qvalue,EG.Qvalue,1,FALSE,FALSE,FALSE,0.98,TRUE,1,llama3.2-3b,spectronaut,constrained_v3,3,7.25
ProteinName,PG.ProteinAccessions,PG.ProteinGroups,2,FALSE,TRUE,FALSE,0.98,TRUE,1,llama3.2-3b,spectronaut,constrained_filter_v3,1,9.36
PeptideSequence,EG.ModifiedSequence,EG.ModifiedSequence,1,TRUE,TRUE,FALSE,0.98,TRUE,1,llama3.2-3b,spectronaut,constrained_filter_v3,1,9.36
PrecursorCharge,FG.Charge,FG.Charge,1,TRUE,TRUE,FALSE,0.98,TRUE,1,llama3.2-3b,spectronaut,constrained_filter_v3,1,9.36
FragmentIon,F.FrgIon,F.FrgIon,1,TRUE,TRUE,FALSE,0.98,TRUE,1,llama3.2-3b,spectronaut,constrained_filter_v3,1,9.36
ProductCharge,FG.Charge,F.Charge,2,FALSE,FALSE,TRUE,0.98,TRUE,1,llama3.2-3b,spectronaut,constrained_filter_v3,1,9.36
Run,R.FileName,R.FileName,1,TRUE,TRUE,FALSE,0.98,TRUE,1,llama3.2-3b,spectronaut,constrained_filter_v3,1,9.36
Intensity,F.NormalizedPeakArea,F.PeakArea,4,FALSE,TRUE,FALSE,0.98,TRUE,1,llama3.2-3b,spectronaut,constrained_filter_v3,1,9.36
Qvalue,PG.Qvalue,EG.Qvalue,1,FALSE,FALSE,FALSE,0.98,TRUE,1,llama3.2-3b,spectronaut,constrained_filter_v3,1,9.36
ProteinName,PG.ProteinAccessions,PG.ProteinGroups,2,FALSE,TRUE,FALSE,0.98,TRUE,1,llama3.2-3b,spectronaut,constrained_filter_v3,2,9.04
PeptideSequence,EG.ModifiedSequence,EG.ModifiedSequence,1,TRUE,TRUE,FALSE,0.98,TRUE,1,llama3.2-3b,spectronaut,constrained_filter_v3,2,9.04
PrecursorCharge,FG.Charge,FG.Charge,1,TRUE,TRUE,FALSE,0.98,TRUE,1,llama3.2-3b,spectronaut,constrained_filter_v3,2,9.04
FragmentIon,F.FrgIon,F.FrgIon,1,TRUE,TRUE,FALSE,0.98,TRUE,1,llama3.2-3b,spectronaut,constrained_filter_v3,2,9.04
ProductCharge,FG.Charge,F.Charge,2,FALSE,FALSE,TRUE,0.98,TRUE,1,llama3.2-3b,spectronaut,constrained_filter_v3,2,9.04
Run,R.FileName,R.FileName,1,TRUE,TRUE,FALSE,0.98,TRUE,1,llama3.2-3b,spectronaut,constrained_filter_v3,2,9.04
Intensity,F.NormalizedPeakArea,F.PeakArea,4,FALSE,TRUE,FALSE,0.98,TRUE,1,llama3.2-3b,spectronaut,constrained_filter_v3,2,9.04
Qvalue,PG.Qvalue,EG.Qvalue,1,FALSE,FALSE,FALSE,0.98,TRUE,1,llama3.2-3b,spectronaut,constrained_filter_v3,2,9.04
ProteinName,PG.ProteinAccessions,PG.ProteinGroups,2,FALSE,TRUE,FALSE,0.98,TRUE,1,llama3.2-3b,spectronaut,constrained_filter_v3,3,10.13
PeptideSequence,EG.ModifiedSequence,EG.ModifiedSequence,1,TRUE,TRUE,FALSE,0.98,TRUE,1,llama3.2-3b,spectronaut,constrained_filter_v3,3,10.13
PrecursorCharge,FG.Charge,FG.Charge,1,TRUE,TRUE,FALSE,0.98,TRUE,1,llama3.2-3b,spectronaut,constrained_filter_v3,3,10.13
FragmentIon,F.FrgIon,F.FrgIon,1,TRUE,TRUE,FALSE,0.98,TRUE,1,llama3.2-3b,spectronaut,constrained_filter_v3,3,10.13
ProductCharge,FG.Charge,F.Charge,2,FALSE,FALSE,TRUE,0.98,TRUE,1,llama3.2-3b,spectronaut,constrained_filter_v3,3,10.13
Run,R.FileName,R.FileName,1,TRUE,TRUE,FALSE,0.98,TRUE,1,llama3.2-3b,spectronaut,constrained_filter_v3,3,10.13
Intensity,F.NormalizedPeakArea,F.PeakArea,4,FALSE,TRUE,FALSE,0.98,TRUE,1,llama3.2-3b,spectronaut,constrained_filter_v3,3,10.13
Qvalue,PG.Qvalue,EG.Qvalue,1,FALSE,FALSE,FALSE,0.98,TRUE,1,llama3.2-3b,spectronaut,constrained_filter_v3,3,10.13
ProteinName,PG.ProteinAccessions,PG.ProteinGroups,2,FALSE,TRUE,FALSE,1,TRUE,1,llama3.1-8b,spectronaut,lean,1,5.07
PeptideSequence,EG.ModifiedSequence,EG.ModifiedSequence,1,TRUE,TRUE,FALSE,0.9,TRUE,1,llama3.1-8b,spectronaut,lean,1,5.07
PrecursorCharge,FG.Charge,FG.Charge,1,TRUE,TRUE,FALSE,1,TRUE,1,llama3.1-8b,spectronaut,lean,1,5.07
FragmentIon,F.FrgIon,F.FrgIon,1,TRUE,TRUE,FALSE,1,TRUE,1,llama3.1-8b,spectronaut,lean,1,5.07
ProductCharge,F.Charge,F.Charge,2,TRUE,TRUE,FALSE,1,TRUE,1,llama3.1-8b,spectronaut,lean,1,5.07
Run,EG.Library,R.FileName,1,FALSE,FALSE,FALSE,1,TRUE,1,llama3.1-8b,spectronaut,lean,1,5.07
Intensity,F.NormalizedPeakArea,F.PeakArea,4,FALSE,TRUE,FALSE,0.8,TRUE,1,llama3.1-8b,spectronaut,lean,1,5.07
Qvalue,PG.Qvalue,EG.Qvalue,1,FALSE,FALSE,FALSE,1,TRUE,1,llama3.1-8b,spectronaut,lean,1,5.07
ProteinName,PG.ProteinAccessions,PG.ProteinGroups,2,FALSE,TRUE,FALSE,1,TRUE,1,llama3.1-8b,spectronaut,lean,2,5.76
PeptideSequence,EG.ModifiedSequence,EG.ModifiedSequence,1,TRUE,TRUE,FALSE,0.9,TRUE,1,llama3.1-8b,spectronaut,lean,2,5.76
PrecursorCharge,FG.Charge,FG.Charge,1,TRUE,TRUE,FALSE,1,TRUE,1,llama3.1-8b,spectronaut,lean,2,5.76
FragmentIon,F.FrgIon,F.FrgIon,1,TRUE,TRUE,FALSE,1,TRUE,1,llama3.1-8b,spectronaut,lean,2,5.76
ProductCharge,F.Charge,F.Charge,2,TRUE,TRUE,FALSE,1,TRUE,1,llama3.1-8b,spectronaut,lean,2,5.76
Run,EG.Library,R.FileName,1,FALSE,FALSE,FALSE,1,TRUE,1,llama3.1-8b,spectronaut,lean,2,5.76
Intensity,F.NormalizedPeakArea,F.PeakArea,4,FALSE,TRUE,FALSE,0.8,TRUE,1,llama3.1-8b,spectronaut,lean,2,5.76
Qvalue,PG.Qvalue,EG.Qvalue,1,FALSE,FALSE,FALSE,1,TRUE,1,llama3.1-8b,spectronaut,lean,2,5.76
ProteinName,PG.ProteinAccessions,PG.ProteinGroups,2,FALSE,TRUE,FALSE,1,TRUE,1,llama3.1-8b,spectronaut,lean,3,5.64
PeptideSequence,EG.ModifiedSequence,EG.ModifiedSequence,1,TRUE,TRUE,FALSE,0.9,TRUE,1,llama3.1-8b,spectronaut,lean,3,5.64
PrecursorCharge,FG.Charge,FG.Charge,1,TRUE,TRUE,FALSE,1,TRUE,1,llama3.1-8b,spectronaut,lean,3,5.64
FragmentIon,F.FrgIon,F.FrgIon,1,TRUE,TRUE,FALSE,1,TRUE,1,llama3.1-8b,spectronaut,lean,3,5.64
ProductCharge,F.Charge,F.Charge,2,TRUE,TRUE,FALSE,1,TRUE,1,llama3.1-8b,spectronaut,lean,3,5.64
Run,EG.Library,R.FileName,1,FALSE,FALSE,FALSE,1,TRUE,1,llama3.1-8b,spectronaut,lean,3,5.64
Intensity,F.NormalizedPeakArea,F.PeakArea,4,FALSE,TRUE,FALSE,0.8,TRUE,1,llama3.1-8b,spectronaut,lean,3,5.64
Qvalue,PG.Qvalue,EG.Qvalue,1,FALSE,FALSE,FALSE,1,TRUE,1,llama3.1-8b,spectronaut,lean,3,5.64
ProteinName,PG.ProteinAccessions,PG.ProteinGroups,2,FALSE,TRUE,FALSE,0.98,TRUE,1,llama3.1-8b,spectronaut,constrained,1,5.78
PeptideSequence,PEP.StrippedSequence,EG.ModifiedSequence,1,FALSE,FALSE,FALSE,0.98,TRUE,1,llama3.1-8b,spectronaut,constrained,1,5.78
PrecursorCharge,FG.Charge,FG.Charge,1,TRUE,TRUE,FALSE,0.98,TRUE,1,llama3.1-8b,spectronaut,constrained,1,5.78
FragmentIon,F.FrgIon,F.FrgIon,1,TRUE,TRUE,FALSE,0.98,TRUE,1,llama3.1-8b,spectronaut,constrained,1,5.78
ProductCharge,FG.Charge,F.Charge,2,FALSE,FALSE,FALSE,0.98,TRUE,1,llama3.1-8b,spectronaut,constrained,1,5.78
Run,R.FileName,R.FileName,1,TRUE,TRUE,FALSE,0.92,TRUE,1,llama3.1-8b,spectronaut,constrained,1,5.78
Intensity,F.NormalizedPeakArea,F.PeakArea,4,FALSE,TRUE,FALSE,0.98,TRUE,1,llama3.1-8b,spectronaut,constrained,1,5.78
Qvalue,EG.Qvalue,EG.Qvalue,1,TRUE,TRUE,FALSE,0.98,TRUE,1,llama3.1-8b,spectronaut,constrained,1,5.78
ProteinName,PG.ProteinAccessions,PG.ProteinGroups,2,FALSE,TRUE,FALSE,0.98,TRUE,1,llama3.1-8b,spectronaut,constrained,2,5.9
PeptideSequence,PEP.StrippedSequence,EG.ModifiedSequence,1,FALSE,FALSE,FALSE,0.98,TRUE,1,llama3.1-8b,spectronaut,constrained,2,5.9
PrecursorCharge,FG.Charge,FG.Charge,1,TRUE,TRUE,FALSE,0.98,TRUE,1,llama3.1-8b,spectronaut,constrained,2,5.9
FragmentIon,F.FrgIon,F.FrgIon,1,TRUE,TRUE,FALSE,0.98,TRUE,1,llama3.1-8b,spectronaut,constrained,2,5.9
ProductCharge,FG.Charge,F.Charge,2,FALSE,FALSE,FALSE,0.98,TRUE,1,llama3.1-8b,spectronaut,constrained,2,5.9
Run,R.FileName,R.FileName,1,TRUE,TRUE,FALSE,0.92,TRUE,1,llama3.1-8b,spectronaut,constrained,2,5.9
Intensity,F.NormalizedPeakArea,F.PeakArea,4,FALSE,TRUE,FALSE,0.98,TRUE,1,llama3.1-8b,spectronaut,constrained,2,5.9
Qvalue,EG.Qvalue,EG.Qvalue,1,TRUE,TRUE,FALSE,0.98,TRUE,1,llama3.1-8b,spectronaut,constrained,2,5.9
ProteinName,PG.ProteinAccessions,PG.ProteinGroups,2,FALSE,TRUE,FALSE,0.98,TRUE,1,llama3.1-8b,spectronaut,constrained,3,5.02
PeptideSequence,PEP.StrippedSequence,EG.ModifiedSequence,1,FALSE,FALSE,FALSE,0.98,TRUE,1,llama3.1-8b,spectronaut,constrained,3,5.02
PrecursorCharge,FG.Charge,FG.Charge,1,TRUE,TRUE,FALSE,0.98,TRUE,1,llama3.1-8b,spectronaut,constrained,3,5.02
FragmentIon,F.FrgIon,F.FrgIon,1,TRUE,TRUE,FALSE,0.98,TRUE,1,llama3.1-8b,spectronaut,constrained,3,5.02
ProductCharge,FG.Charge,F.Charge,2,FALSE,FALSE,FALSE,0.98,TRUE,1,llama3.1-8b,spectronaut,constrained,3,5.02
Run,R.FileName,R.FileName,1,TRUE,TRUE,FALSE,0.92,TRUE,1,llama3.1-8b,spectronaut,constrained,3,5.02
Intensity,F.NormalizedPeakArea,F.PeakArea,4,FALSE,TRUE,FALSE,0.98,TRUE,1,llama3.1-8b,spectronaut,constrained,3,5.02
Qvalue,EG.Qvalue,EG.Qvalue,1,TRUE,TRUE,FALSE,0.98,TRUE,1,llama3.1-8b,spectronaut,constrained,3,5.02
ProteinName,PG.ProteinAccessions,PG.ProteinGroups,2,FALSE,TRUE,FALSE,1,TRUE,1,llama3.1-8b,spectronaut,filter_aware,1,8.78
PeptideSequence,PEP.StrippedSequence,EG.ModifiedSequence,1,FALSE,FALSE,FALSE,1,TRUE,1,llama3.1-8b,spectronaut,filter_aware,1,8.78
PrecursorCharge,FG.Charge,FG.Charge,1,TRUE,TRUE,FALSE,1,TRUE,1,llama3.1-8b,spectronaut,filter_aware,1,8.78
FragmentIon,F.FrgIon,F.FrgIon,1,TRUE,TRUE,FALSE,1,TRUE,1,llama3.1-8b,spectronaut,filter_aware,1,8.78
ProductCharge,FG.Charge,F.Charge,2,FALSE,FALSE,FALSE,1,TRUE,1,llama3.1-8b,spectronaut,filter_aware,1,8.78
Run,R.FileName,R.FileName,1,TRUE,TRUE,FALSE,1,TRUE,1,llama3.1-8b,spectronaut,filter_aware,1,8.78
Intensity,F.NormalizedPeakArea,F.PeakArea,4,FALSE,TRUE,FALSE,1,TRUE,1,llama3.1-8b,spectronaut,filter_aware,1,8.78
Qvalue,PG.Qvalue,EG.Qvalue,1,FALSE,FALSE,FALSE,1,TRUE,1,llama3.1-8b,spectronaut,filter_aware,1,8.78
ProteinName,PG.ProteinAccessions,PG.ProteinGroups,2,FALSE,TRUE,FALSE,1,TRUE,1,llama3.1-8b,spectronaut,filter_aware,2,8.61
PeptideSequence,PEP.StrippedSequence,EG.ModifiedSequence,1,FALSE,FALSE,FALSE,1,TRUE,1,llama3.1-8b,spectronaut,filter_aware,2,8.61
PrecursorCharge,FG.Charge,FG.Charge,1,TRUE,TRUE,FALSE,1,TRUE,1,llama3.1-8b,spectronaut,filter_aware,2,8.61
FragmentIon,F.FrgIon,F.FrgIon,1,TRUE,TRUE,FALSE,1,TRUE,1,llama3.1-8b,spectronaut,filter_aware,2,8.61
ProductCharge,FG.Charge,F.Charge,2,FALSE,FALSE,FALSE,1,TRUE,1,llama3.1-8b,spectronaut,filter_aware,2,8.61
Run,R.FileName,R.FileName,1,TRUE,TRUE,FALSE,1,TRUE,1,llama3.1-8b,spectronaut,filter_aware,2,8.61
Intensity,F.NormalizedPeakArea,F.PeakArea,4,FALSE,TRUE,FALSE,1,TRUE,1,llama3.1-8b,spectronaut,filter_aware,2,8.61
Qvalue,PG.Qvalue,EG.Qvalue,1,FALSE,FALSE,FALSE,1,TRUE,1,llama3.1-8b,spectronaut,filter_aware,2,8.61
ProteinName,PG.ProteinAccessions,PG.ProteinGroups,2,FALSE,TRUE,FALSE,1,TRUE,1,llama3.1-8b,spectronaut,filter_aware,3,8.36
PeptideSequence,PEP.StrippedSequence,EG.ModifiedSequence,1,FALSE,FALSE,FALSE,1,TRUE,1,llama3.1-8b,spectronaut,filter_aware,3,8.36
PrecursorCharge,FG.Charge,FG.Charge,1,TRUE,TRUE,FALSE,1,TRUE,1,llama3.1-8b,spectronaut,filter_aware,3,8.36
FragmentIon,F.FrgIon,F.FrgIon,1,TRUE,TRUE,FALSE,1,TRUE,1,llama3.1-8b,spectronaut,filter_aware,3,8.36
ProductCharge,FG.Charge,F.Charge,2,FALSE,FALSE,FALSE,1,TRUE,1,llama3.1-8b,spectronaut,filter_aware,3,8.36
Run,R.FileName,R.FileName,1,TRUE,TRUE,FALSE,1,TRUE,1,llama3.1-8b,spectronaut,filter_aware,3,8.36
Intensity,F.NormalizedPeakArea,F.PeakArea,4,FALSE,TRUE,FALSE,1,TRUE,1,llama3.1-8b,spectronaut,filter_aware,3,8.36
Qvalue,PG.Qvalue,EG.Qvalue,1,FALSE,FALSE,FALSE,1,TRUE,1,llama3.1-8b,spectronaut,filter_aware,3,8.36
ProteinName,PG.ProteinAccessions,PG.ProteinGroups,2,FALSE,TRUE,FALSE,0.98,TRUE,1,llama3.1-8b,spectronaut,constrained_filter,1,9.9
PeptideSequence,PEP.StrippedSequence,EG.ModifiedSequence,1,FALSE,FALSE,FALSE,0.98,TRUE,1,llama3.1-8b,spectronaut,constrained_filter,1,9.9
PrecursorCharge,FG.Charge,FG.Charge,1,TRUE,TRUE,FALSE,0.98,TRUE,1,llama3.1-8b,spectronaut,constrained_filter,1,9.9
FragmentIon,F.FrgIon,F.FrgIon,1,TRUE,TRUE,FALSE,0.98,TRUE,1,llama3.1-8b,spectronaut,constrained_filter,1,9.9
ProductCharge,FG.Charge,F.Charge,2,FALSE,FALSE,FALSE,0.98,TRUE,1,llama3.1-8b,spectronaut,constrained_filter,1,9.9
Run,R.FileName,R.FileName,1,TRUE,TRUE,FALSE,0.92,TRUE,1,llama3.1-8b,spectronaut,constrained_filter,1,9.9
Intensity,F.NormalizedPeakArea,F.PeakArea,4,FALSE,TRUE,FALSE,0.92,TRUE,1,llama3.1-8b,spectronaut,constrained_filter,1,9.9
Qvalue,PG.Qvalue,EG.Qvalue,1,FALSE,FALSE,FALSE,0.98,TRUE,1,llama3.1-8b,spectronaut,constrained_filter,1,9.9
ProteinName,PG.ProteinAccessions,PG.ProteinGroups,2,FALSE,TRUE,FALSE,0.98,TRUE,1,llama3.1-8b,spectronaut,constrained_filter,2,10.52
PeptideSequence,PEP.StrippedSequence,EG.ModifiedSequence,1,FALSE,FALSE,FALSE,0.98,TRUE,1,llama3.1-8b,spectronaut,constrained_filter,2,10.52
PrecursorCharge,FG.Charge,FG.Charge,1,TRUE,TRUE,FALSE,0.98,TRUE,1,llama3.1-8b,spectronaut,constrained_filter,2,10.52
FragmentIon,F.FrgIon,F.FrgIon,1,TRUE,TRUE,FALSE,0.98,TRUE,1,llama3.1-8b,spectronaut,constrained_filter,2,10.52
ProductCharge,FG.Charge,F.Charge,2,FALSE,FALSE,FALSE,0.98,TRUE,1,llama3.1-8b,spectronaut,constrained_filter,2,10.52
Run,R.FileName,R.FileName,1,TRUE,TRUE,FALSE,0.92,TRUE,1,llama3.1-8b,spectronaut,constrained_filter,2,10.52
Intensity,F.NormalizedPeakArea,F.PeakArea,4,FALSE,TRUE,FALSE,0.92,TRUE,1,llama3.1-8b,spectronaut,constrained_filter,2,10.52
Qvalue,PG.Qvalue,EG.Qvalue,1,FALSE,FALSE,FALSE,0.98,TRUE,1,llama3.1-8b,spectronaut,constrained_filter,2,10.52
ProteinName,PG.ProteinAccessions,PG.ProteinGroups,2,FALSE,TRUE,FALSE,0.98,TRUE,1,llama3.1-8b,spectronaut,constrained_filter,3,9.11
PeptideSequence,PEP.StrippedSequence,EG.ModifiedSequence,1,FALSE,FALSE,FALSE,0.98,TRUE,1,llama3.1-8b,spectronaut,constrained_filter,3,9.11
PrecursorCharge,FG.Charge,FG.Charge,1,TRUE,TRUE,FALSE,0.98,TRUE,1,llama3.1-8b,spectronaut,constrained_filter,3,9.11
FragmentIon,F.FrgIon,F.FrgIon,1,TRUE,TRUE,FALSE,0.98,TRUE,1,llama3.1-8b,spectronaut,constrained_filter,3,9.11
ProductCharge,FG.Charge,F.Charge,2,FALSE,FALSE,FALSE,0.98,TRUE,1,llama3.1-8b,spectronaut,constrained_filter,3,9.11
Run,R.FileName,R.FileName,1,TRUE,TRUE,FALSE,0.92,TRUE,1,llama3.1-8b,spectronaut,constrained_filter,3,9.11
Intensity,F.NormalizedPeakArea,F.PeakArea,4,FALSE,TRUE,FALSE,0.92,TRUE,1,llama3.1-8b,spectronaut,constrained_filter,3,9.11
Qvalue,PG.Qvalue,EG.Qvalue,1,FALSE,FALSE,FALSE,0.98,TRUE,1,llama3.1-8b,spectronaut,constrained_filter,3,9.11
ProteinName,PG.ProteinAccessions,PG.ProteinGroups,2,FALSE,TRUE,FALSE,0.98,TRUE,1,llama3.1-8b,spectronaut,constrained_v2,1,6.14
PeptideSequence,EG.ModifiedSequence,EG.ModifiedSequence,1,TRUE,TRUE,FALSE,0.98,TRUE,1,llama3.1-8b,spectronaut,constrained_v2,1,6.14
PrecursorCharge,FG.Charge,FG.Charge,1,TRUE,TRUE,FALSE,0.98,TRUE,1,llama3.1-8b,spectronaut,constrained_v2,1,6.14
FragmentIon,F.FrgIon,F.FrgIon,1,TRUE,TRUE,FALSE,0.98,TRUE,1,llama3.1-8b,spectronaut,constrained_v2,1,6.14
ProductCharge,FG.Charge,F.Charge,2,FALSE,FALSE,FALSE,0.98,TRUE,1,llama3.1-8b,spectronaut,constrained_v2,1,6.14
Run,R.FileName,R.FileName,1,TRUE,TRUE,FALSE,0.92,TRUE,1,llama3.1-8b,spectronaut,constrained_v2,1,6.14
Intensity,F.NormalizedPeakArea,F.PeakArea,4,FALSE,TRUE,FALSE,0.98,TRUE,1,llama3.1-8b,spectronaut,constrained_v2,1,6.14
Qvalue,EG.Qvalue,EG.Qvalue,1,TRUE,TRUE,FALSE,0.98,TRUE,1,llama3.1-8b,spectronaut,constrained_v2,1,6.14
ProteinName,PG.ProteinAccessions,PG.ProteinGroups,2,FALSE,TRUE,FALSE,0.98,TRUE,1,llama3.1-8b,spectronaut,constrained_v2,2,5.12
PeptideSequence,EG.ModifiedSequence,EG.ModifiedSequence,1,TRUE,TRUE,FALSE,0.98,TRUE,1,llama3.1-8b,spectronaut,constrained_v2,2,5.12
PrecursorCharge,FG.Charge,FG.Charge,1,TRUE,TRUE,FALSE,0.98,TRUE,1,llama3.1-8b,spectronaut,constrained_v2,2,5.12
FragmentIon,F.FrgIon,F.FrgIon,1,TRUE,TRUE,FALSE,0.98,TRUE,1,llama3.1-8b,spectronaut,constrained_v2,2,5.12
ProductCharge,FG.Charge,F.Charge,2,FALSE,FALSE,FALSE,0.98,TRUE,1,llama3.1-8b,spectronaut,constrained_v2,2,5.12
Run,R.FileName,R.FileName,1,TRUE,TRUE,FALSE,0.92,TRUE,1,llama3.1-8b,spectronaut,constrained_v2,2,5.12
Intensity,F.NormalizedPeakArea,F.PeakArea,4,FALSE,TRUE,FALSE,0.98,TRUE,1,llama3.1-8b,spectronaut,constrained_v2,2,5.12
Qvalue,EG.Qvalue,EG.Qvalue,1,TRUE,TRUE,FALSE,0.98,TRUE,1,llama3.1-8b,spectronaut,constrained_v2,2,5.12
ProteinName,PG.ProteinAccessions,PG.ProteinGroups,2,FALSE,TRUE,FALSE,0.98,TRUE,1,llama3.1-8b,spectronaut,constrained_v2,3,5.7
PeptideSequence,EG.ModifiedSequence,EG.ModifiedSequence,1,TRUE,TRUE,FALSE,0.98,TRUE,1,llama3.1-8b,spectronaut,constrained_v2,3,5.7
PrecursorCharge,FG.Charge,FG.Charge,1,TRUE,TRUE,FALSE,0.98,TRUE,1,llama3.1-8b,spectronaut,constrained_v2,3,5.7
FragmentIon,F.FrgIon,F.FrgIon,1,TRUE,TRUE,FALSE,0.98,TRUE,1,llama3.1-8b,spectronaut,constrained_v2,3,5.7
ProductCharge,FG.Charge,F.Charge,2,FALSE,FALSE,FALSE,0.98,TRUE,1,llama3.1-8b,spectronaut,constrained_v2,3,5.7
Run,R.FileName,R.FileName,1,TRUE,TRUE,FALSE,0.92,TRUE,1,llama3.1-8b,spectronaut,constrained_v2,3,5.7
Intensity,F.NormalizedPeakArea,F.PeakArea,4,FALSE,TRUE,FALSE,0.98,TRUE,1,llama3.1-8b,spectronaut,constrained_v2,3,5.7
Qvalue,EG.Qvalue,EG.Qvalue,1,TRUE,TRUE,FALSE,0.98,TRUE,1,llama3.1-8b,spectronaut,constrained_v2,3,5.7
ProteinName,PG.ProteinAccessions,PG.ProteinGroups,2,FALSE,TRUE,FALSE,0.98,TRUE,1,llama3.1-8b,spectronaut,constrained_filter_v2,1,6.25
PeptideSequence,EG.ModifiedSequence,EG.ModifiedSequence,1,TRUE,TRUE,FALSE,0.98,TRUE,1,llama3.1-8b,spectronaut,constrained_filter_v2,1,6.25
PrecursorCharge,FG.Charge,FG.Charge,1,TRUE,TRUE,FALSE,0.98,TRUE,1,llama3.1-8b,spectronaut,constrained_filter_v2,1,6.25
FragmentIon,F.FrgIon,F.FrgIon,1,TRUE,TRUE,FALSE,0.98,TRUE,1,llama3.1-8b,spectronaut,constrained_filter_v2,1,6.25
ProductCharge,FG.Charge,F.Charge,2,FALSE,FALSE,FALSE,0.92,TRUE,1,llama3.1-8b,spectronaut,constrained_filter_v2,1,6.25
Run,R.FileName,R.FileName,1,TRUE,TRUE,FALSE,0.98,TRUE,1,llama3.1-8b,spectronaut,constrained_filter_v2,1,6.25
Intensity,F.NormalizedPeakArea,F.PeakArea,4,FALSE,TRUE,FALSE,0.98,TRUE,1,llama3.1-8b,spectronaut,constrained_filter_v2,1,6.25
Qvalue,PG.Qvalue,EG.Qvalue,1,FALSE,FALSE,FALSE,0.98,TRUE,1,llama3.1-8b,spectronaut,constrained_filter_v2,1,6.25
ProteinName,PG.ProteinAccessions,PG.ProteinGroups,2,FALSE,TRUE,FALSE,0.98,TRUE,1,llama3.1-8b,spectronaut,constrained_filter_v2,2,4.88
PeptideSequence,EG.ModifiedSequence,EG.ModifiedSequence,1,TRUE,TRUE,FALSE,0.98,TRUE,1,llama3.1-8b,spectronaut,constrained_filter_v2,2,4.88
PrecursorCharge,FG.Charge,FG.Charge,1,TRUE,TRUE,FALSE,0.98,TRUE,1,llama3.1-8b,spectronaut,constrained_filter_v2,2,4.88
FragmentIon,F.FrgIon,F.FrgIon,1,TRUE,TRUE,FALSE,0.98,TRUE,1,llama3.1-8b,spectronaut,constrained_filter_v2,2,4.88
ProductCharge,FG.Charge,F.Charge,2,FALSE,FALSE,FALSE,0.92,TRUE,1,llama3.1-8b,spectronaut,constrained_filter_v2,2,4.88
Run,R.FileName,R.FileName,1,TRUE,TRUE,FALSE,0.98,TRUE,1,llama3.1-8b,spectronaut,constrained_filter_v2,2,4.88
Intensity,F.NormalizedPeakArea,F.PeakArea,4,FALSE,TRUE,FALSE,0.98,TRUE,1,llama3.1-8b,spectronaut,constrained_filter_v2,2,4.88
Qvalue,PG.Qvalue,EG.Qvalue,1,FALSE,FALSE,FALSE,0.98,TRUE,1,llama3.1-8b,spectronaut,constrained_filter_v2,2,4.88
ProteinName,PG.ProteinAccessions,PG.ProteinGroups,2,FALSE,TRUE,FALSE,0.98,TRUE,1,llama3.1-8b,spectronaut,constrained_filter_v2,3,5.66
PeptideSequence,EG.ModifiedSequence,EG.ModifiedSequence,1,TRUE,TRUE,FALSE,0.98,TRUE,1,llama3.1-8b,spectronaut,constrained_filter_v2,3,5.66
PrecursorCharge,FG.Charge,FG.Charge,1,TRUE,TRUE,FALSE,0.98,TRUE,1,llama3.1-8b,spectronaut,constrained_filter_v2,3,5.66
FragmentIon,F.FrgIon,F.FrgIon,1,TRUE,TRUE,FALSE,0.98,TRUE,1,llama3.1-8b,spectronaut,constrained_filter_v2,3,5.66
ProductCharge,FG.Charge,F.Charge,2,FALSE,FALSE,FALSE,0.92,TRUE,1,llama3.1-8b,spectronaut,constrained_filter_v2,3,5.66
Run,R.FileName,R.FileName,1,TRUE,TRUE,FALSE,0.98,TRUE,1,llama3.1-8b,spectronaut,constrained_filter_v2,3,5.66
Intensity,F.NormalizedPeakArea,F.PeakArea,4,FALSE,TRUE,FALSE,0.98,TRUE,1,llama3.1-8b,spectronaut,constrained_filter_v2,3,5.66
Qvalue,PG.Qvalue,EG.Qvalue,1,FALSE,FALSE,FALSE,0.98,TRUE,1,llama3.1-8b,spectronaut,constrained_filter_v2,3,5.66
ProteinName,PG.ProteinAccessions,PG.ProteinGroups,2,FALSE,TRUE,FALSE,0.98,TRUE,1,llama3.1-8b,spectronaut,constrained_v3,1,5.75
PeptideSequence,EG.ModifiedSequence,EG.ModifiedSequence,1,TRUE,TRUE,FALSE,0.98,TRUE,1,llama3.1-8b,spectronaut,constrained_v3,1,5.75
PrecursorCharge,FG.Charge,FG.Charge,1,TRUE,TRUE,FALSE,0.98,TRUE,1,llama3.1-8b,spectronaut,constrained_v3,1,5.75
FragmentIon,F.FrgIon,F.FrgIon,1,TRUE,TRUE,FALSE,0.98,TRUE,1,llama3.1-8b,spectronaut,constrained_v3,1,5.75
ProductCharge,F.Charge,F.Charge,2,TRUE,TRUE,FALSE,0.98,TRUE,1,llama3.1-8b,spectronaut,constrained_v3,1,5.75
Run,R.FileName,R.FileName,1,TRUE,TRUE,FALSE,0.92,TRUE,1,llama3.1-8b,spectronaut,constrained_v3,1,5.75
Intensity,F.NormalizedPeakArea,F.PeakArea,4,FALSE,TRUE,FALSE,0.98,TRUE,1,llama3.1-8b,spectronaut,constrained_v3,1,5.75
Qvalue,EG.Qvalue,EG.Qvalue,1,TRUE,TRUE,FALSE,0.98,TRUE,1,llama3.1-8b,spectronaut,constrained_v3,1,5.75
ProteinName,PG.ProteinAccessions,PG.ProteinGroups,2,FALSE,TRUE,FALSE,0.98,TRUE,1,llama3.1-8b,spectronaut,constrained_v3,2,5.17
PeptideSequence,EG.ModifiedSequence,EG.ModifiedSequence,1,TRUE,TRUE,FALSE,0.98,TRUE,1,llama3.1-8b,spectronaut,constrained_v3,2,5.17
PrecursorCharge,FG.Charge,FG.Charge,1,TRUE,TRUE,FALSE,0.98,TRUE,1,llama3.1-8b,spectronaut,constrained_v3,2,5.17
FragmentIon,F.FrgIon,F.FrgIon,1,TRUE,TRUE,FALSE,0.98,TRUE,1,llama3.1-8b,spectronaut,constrained_v3,2,5.17
ProductCharge,F.Charge,F.Charge,2,TRUE,TRUE,FALSE,0.98,TRUE,1,llama3.1-8b,spectronaut,constrained_v3,2,5.17
Run,R.FileName,R.FileName,1,TRUE,TRUE,FALSE,0.92,TRUE,1,llama3.1-8b,spectronaut,constrained_v3,2,5.17
Intensity,F.NormalizedPeakArea,F.PeakArea,4,FALSE,TRUE,FALSE,0.98,TRUE,1,llama3.1-8b,spectronaut,constrained_v3,2,5.17
Qvalue,EG.Qvalue,EG.Qvalue,1,TRUE,TRUE,FALSE,0.98,TRUE,1,llama3.1-8b,spectronaut,constrained_v3,2,5.17
ProteinName,PG.ProteinAccessions,PG.ProteinGroups,2,FALSE,TRUE,FALSE,0.98,TRUE,1,llama3.1-8b,spectronaut,constrained_v3,3,5.22
PeptideSequence,EG.ModifiedSequence,EG.ModifiedSequence,1,TRUE,TRUE,FALSE,0.98,TRUE,1,llama3.1-8b,spectronaut,constrained_v3,3,5.22
PrecursorCharge,FG.Charge,FG.Charge,1,TRUE,TRUE,FALSE,0.98,TRUE,1,llama3.1-8b,spectronaut,constrained_v3,3,5.22
FragmentIon,F.FrgIon,F.FrgIon,1,TRUE,TRUE,FALSE,0.98,TRUE,1,llama3.1-8b,spectronaut,constrained_v3,3,5.22
ProductCharge,F.Charge,F.Charge,2,TRUE,TRUE,FALSE,0.98,TRUE,1,llama3.1-8b,spectronaut,constrained_v3,3,5.22
Run,R.FileName,R.FileName,1,TRUE,TRUE,FALSE,0.92,TRUE,1,llama3.1-8b,spectronaut,constrained_v3,3,5.22
Intensity,F.NormalizedPeakArea,F.PeakArea,4,FALSE,TRUE,FALSE,0.98,TRUE,1,llama3.1-8b,spectronaut,constrained_v3,3,5.22
Qvalue,EG.Qvalue,EG.Qvalue,1,TRUE,TRUE,FALSE,0.98,TRUE,1,llama3.1-8b,spectronaut,constrained_v3,3,5.22
ProteinName,PG.ProteinAccessions,PG.ProteinGroups,2,FALSE,TRUE,FALSE,0.98,TRUE,1,llama3.1-8b,spectronaut,constrained_filter_v3,1,6.17
PeptideSequence,EG.ModifiedSequence,EG.ModifiedSequence,1,TRUE,TRUE,FALSE,0.98,TRUE,1,llama3.1-8b,spectronaut,constrained_filter_v3,1,6.17
PrecursorCharge,FG.Charge,FG.Charge,1,TRUE,TRUE,FALSE,0.98,TRUE,1,llama3.1-8b,spectronaut,constrained_filter_v3,1,6.17
FragmentIon,F.FrgIon,F.FrgIon,1,TRUE,TRUE,FALSE,0.98,TRUE,1,llama3.1-8b,spectronaut,constrained_filter_v3,1,6.17
ProductCharge,F.Charge,F.Charge,2,TRUE,TRUE,FALSE,0.98,TRUE,1,llama3.1-8b,spectronaut,constrained_filter_v3,1,6.17
Run,R.FileName,R.FileName,1,TRUE,TRUE,FALSE,0.92,TRUE,1,llama3.1-8b,spectronaut,constrained_filter_v3,1,6.17
Intensity,F.NormalizedPeakArea,F.PeakArea,4,FALSE,TRUE,FALSE,0.92,TRUE,1,llama3.1-8b,spectronaut,constrained_filter_v3,1,6.17
Qvalue,PG.Qvalue,EG.Qvalue,1,FALSE,FALSE,FALSE,0.98,TRUE,1,llama3.1-8b,spectronaut,constrained_filter_v3,1,6.17
ProteinName,PG.ProteinAccessions,PG.ProteinGroups,2,FALSE,TRUE,FALSE,0.98,TRUE,1,llama3.1-8b,spectronaut,constrained_filter_v3,2,6.05
PeptideSequence,EG.ModifiedSequence,EG.ModifiedSequence,1,TRUE,TRUE,FALSE,0.98,TRUE,1,llama3.1-8b,spectronaut,constrained_filter_v3,2,6.05
PrecursorCharge,FG.Charge,FG.Charge,1,TRUE,TRUE,FALSE,0.98,TRUE,1,llama3.1-8b,spectronaut,constrained_filter_v3,2,6.05
FragmentIon,F.FrgIon,F.FrgIon,1,TRUE,TRUE,FALSE,0.98,TRUE,1,llama3.1-8b,spectronaut,constrained_filter_v3,2,6.05
ProductCharge,F.Charge,F.Charge,2,TRUE,TRUE,FALSE,0.98,TRUE,1,llama3.1-8b,spectronaut,constrained_filter_v3,2,6.05
Run,R.FileName,R.FileName,1,TRUE,TRUE,FALSE,0.92,TRUE,1,llama3.1-8b,spectronaut,constrained_filter_v3,2,6.05
Intensity,F.NormalizedPeakArea,F.PeakArea,4,FALSE,TRUE,FALSE,0.92,TRUE,1,llama3.1-8b,spectronaut,constrained_filter_v3,2,6.05
Qvalue,PG.Qvalue,EG.Qvalue,1,FALSE,FALSE,FALSE,0.98,TRUE,1,llama3.1-8b,spectronaut,constrained_filter_v3,2,6.05
ProteinName,PG.ProteinAccessions,PG.ProteinGroups,2,FALSE,TRUE,FALSE,0.98,TRUE,1,llama3.1-8b,spectronaut,constrained_filter_v3,3,6.75
PeptideSequence,EG.ModifiedSequence,EG.ModifiedSequence,1,TRUE,TRUE,FALSE,0.98,TRUE,1,llama3.1-8b,spectronaut,constrained_filter_v3,3,6.75
PrecursorCharge,FG.Charge,FG.Charge,1,TRUE,TRUE,FALSE,0.98,TRUE,1,llama3.1-8b,spectronaut,constrained_filter_v3,3,6.75
FragmentIon,F.FrgIon,F.FrgIon,1,TRUE,TRUE,FALSE,0.98,TRUE,1,llama3.1-8b,spectronaut,constrained_filter_v3,3,6.75
ProductCharge,F.Charge,F.Charge,2,TRUE,TRUE,FALSE,0.98,TRUE,1,llama3.1-8b,spectronaut,constrained_filter_v3,3,6.75
Run,R.FileName,R.FileName,1,TRUE,TRUE,FALSE,0.92,TRUE,1,llama3.1-8b,spectronaut,constrained_filter_v3,3,6.75
Intensity,F.NormalizedPeakArea,F.PeakArea,4,FALSE,TRUE,FALSE,0.92,TRUE,1,llama3.1-8b,spectronaut,constrained_filter_v3,3,6.75
Qvalue,PG.Qvalue,EG.Qvalue,1,FALSE,FALSE,FALSE,0.98,TRUE,1,llama3.1-8b,spectronaut,constrained_filter_v3,3,6.75
ProteinName,PG.ProteinAccessions,PG.ProteinGroups,2,FALSE,TRUE,FALSE,1,TRUE,1,deepseek-r1-14b,spectronaut,lean,1,18.38
PeptideSequence,EG.ModifiedSequence,EG.ModifiedSequence,1,TRUE,TRUE,FALSE,1,TRUE,1,deepseek-r1-14b,spectronaut,lean,1,18.38
PrecursorCharge,FG.Charge,FG.Charge,1,TRUE,TRUE,FALSE,1,TRUE,1,deepseek-r1-14b,spectronaut,lean,1,18.38
FragmentIon,F.FrgIon,F.FrgIon,1,TRUE,TRUE,FALSE,1,TRUE,1,deepseek-r1-14b,spectronaut,lean,1,18.38
ProductCharge,F.Charge,F.Charge,2,TRUE,TRUE,FALSE,1,TRUE,1,deepseek-r1-14b,spectronaut,lean,1,18.38
Run,R.FileName,R.FileName,1,TRUE,TRUE,FALSE,1,TRUE,1,deepseek-r1-14b,spectronaut,lean,1,18.38
Intensity,F.NormalizedPeakArea,F.PeakArea,4,FALSE,TRUE,FALSE,1,TRUE,1,deepseek-r1-14b,spectronaut,lean,1,18.38
Qvalue,PG.Qvalue,EG.Qvalue,1,FALSE,FALSE,FALSE,1,TRUE,1,deepseek-r1-14b,spectronaut,lean,1,18.38
ProteinName,PG.ProteinAccessions,PG.ProteinGroups,2,FALSE,TRUE,FALSE,1,TRUE,1,deepseek-r1-14b,spectronaut,lean,2,17.45
PeptideSequence,EG.ModifiedSequence,EG.ModifiedSequence,1,TRUE,TRUE,FALSE,1,TRUE,1,deepseek-r1-14b,spectronaut,lean,2,17.45
PrecursorCharge,FG.Charge,FG.Charge,1,TRUE,TRUE,FALSE,1,TRUE,1,deepseek-r1-14b,spectronaut,lean,2,17.45
FragmentIon,F.FrgIon,F.FrgIon,1,TRUE,TRUE,FALSE,1,TRUE,1,deepseek-r1-14b,spectronaut,lean,2,17.45
ProductCharge,F.Charge,F.Charge,2,TRUE,TRUE,FALSE,1,TRUE,1,deepseek-r1-14b,spectronaut,lean,2,17.45
Run,R.FileName,R.FileName,1,TRUE,TRUE,FALSE,1,TRUE,1,deepseek-r1-14b,spectronaut,lean,2,17.45
Intensity,F.NormalizedPeakArea,F.PeakArea,4,FALSE,TRUE,FALSE,1,TRUE,1,deepseek-r1-14b,spectronaut,lean,2,17.45
Qvalue,PG.Qvalue,EG.Qvalue,1,FALSE,FALSE,FALSE,1,TRUE,1,deepseek-r1-14b,spectronaut,lean,2,17.45
ProteinName,PG.ProteinAccessions,PG.ProteinGroups,2,FALSE,TRUE,FALSE,1,TRUE,1,deepseek-r1-14b,spectronaut,lean,3,21.28
PeptideSequence,EG.ModifiedSequence,EG.ModifiedSequence,1,TRUE,TRUE,FALSE,1,TRUE,1,deepseek-r1-14b,spectronaut,lean,3,21.28
PrecursorCharge,FG.Charge,FG.Charge,1,TRUE,TRUE,FALSE,1,TRUE,1,deepseek-r1-14b,spectronaut,lean,3,21.28
FragmentIon,F.FrgIon,F.FrgIon,1,TRUE,TRUE,FALSE,1,TRUE,1,deepseek-r1-14b,spectronaut,lean,3,21.28
ProductCharge,F.Charge,F.Charge,2,TRUE,TRUE,FALSE,1,TRUE,1,deepseek-r1-14b,spectronaut,lean,3,21.28
Run,R.FileName,R.FileName,1,TRUE,TRUE,FALSE,1,TRUE,1,deepseek-r1-14b,spectronaut,lean,3,21.28
Intensity,F.NormalizedPeakArea,F.PeakArea,4,FALSE,TRUE,FALSE,1,TRUE,1,deepseek-r1-14b,spectronaut,lean,3,21.28
Qvalue,PG.Qvalue,EG.Qvalue,1,FALSE,FALSE,FALSE,1,TRUE,1,deepseek-r1-14b,spectronaut,lean,3,21.28
ProteinName,PG.ProteinAccessions,PG.ProteinGroups,2,FALSE,TRUE,FALSE,0.98,TRUE,1,deepseek-r1-14b,spectronaut,constrained,1,21.58
PeptideSequence,PEP.StrippedSequence,EG.ModifiedSequence,1,FALSE,FALSE,FALSE,0.98,TRUE,1,deepseek-r1-14b,spectronaut,constrained,1,21.58
PrecursorCharge,FG.Charge,FG.Charge,1,TRUE,TRUE,FALSE,0.98,TRUE,1,deepseek-r1-14b,spectronaut,constrained,1,21.58
FragmentIon,F.FrgIon,F.FrgIon,1,TRUE,TRUE,FALSE,0.98,TRUE,1,deepseek-r1-14b,spectronaut,constrained,1,21.58
ProductCharge,F.Charge,F.Charge,2,TRUE,TRUE,FALSE,0.98,TRUE,1,deepseek-r1-14b,spectronaut,constrained,1,21.58
Run,R.FileName,R.FileName,1,TRUE,TRUE,FALSE,0.98,TRUE,1,deepseek-r1-14b,spectronaut,constrained,1,21.58
Intensity,F.NormalizedPeakArea,F.PeakArea,4,FALSE,TRUE,FALSE,0.98,TRUE,1,deepseek-r1-14b,spectronaut,constrained,1,21.58
Qvalue,EG.Qvalue,EG.Qvalue,1,TRUE,TRUE,FALSE,0.98,TRUE,1,deepseek-r1-14b,spectronaut,constrained,1,21.58
ProteinName,PG.ProteinAccessions,PG.ProteinGroups,2,FALSE,TRUE,FALSE,0.98,TRUE,1,deepseek-r1-14b,spectronaut,constrained,2,22.42
PeptideSequence,PEP.StrippedSequence,EG.ModifiedSequence,1,FALSE,FALSE,FALSE,0.98,TRUE,1,deepseek-r1-14b,spectronaut,constrained,2,22.42
PrecursorCharge,FG.Charge,FG.Charge,1,TRUE,TRUE,FALSE,0.98,TRUE,1,deepseek-r1-14b,spectronaut,constrained,2,22.42
FragmentIon,F.FrgIon,F.FrgIon,1,TRUE,TRUE,FALSE,0.98,TRUE,1,deepseek-r1-14b,spectronaut,constrained,2,22.42
ProductCharge,F.Charge,F.Charge,2,TRUE,TRUE,FALSE,0.98,TRUE,1,deepseek-r1-14b,spectronaut,constrained,2,22.42
Run,R.FileName,R.FileName,1,TRUE,TRUE,FALSE,0.98,TRUE,1,deepseek-r1-14b,spectronaut,constrained,2,22.42
Intensity,F.NormalizedPeakArea,F.PeakArea,4,FALSE,TRUE,FALSE,0.98,TRUE,1,deepseek-r1-14b,spectronaut,constrained,2,22.42
Qvalue,EG.Qvalue,EG.Qvalue,1,TRUE,TRUE,FALSE,0.98,TRUE,1,deepseek-r1-14b,spectronaut,constrained,2,22.42
ProteinName,PG.ProteinAccessions,PG.ProteinGroups,2,FALSE,TRUE,FALSE,0.98,TRUE,1,deepseek-r1-14b,spectronaut,constrained,3,21.67
PeptideSequence,PEP.StrippedSequence,EG.ModifiedSequence,1,FALSE,FALSE,FALSE,0.98,TRUE,1,deepseek-r1-14b,spectronaut,constrained,3,21.67
PrecursorCharge,FG.Charge,FG.Charge,1,TRUE,TRUE,FALSE,0.98,TRUE,1,deepseek-r1-14b,spectronaut,constrained,3,21.67
FragmentIon,F.FrgIon,F.FrgIon,1,TRUE,TRUE,FALSE,0.98,TRUE,1,deepseek-r1-14b,spectronaut,constrained,3,21.67
ProductCharge,F.Charge,F.Charge,2,TRUE,TRUE,FALSE,0.98,TRUE,1,deepseek-r1-14b,spectronaut,constrained,3,21.67
Run,R.FileName,R.FileName,1,TRUE,TRUE,FALSE,0.98,TRUE,1,deepseek-r1-14b,spectronaut,constrained,3,21.67
Intensity,F.NormalizedPeakArea,F.PeakArea,4,FALSE,TRUE,FALSE,0.98,TRUE,1,deepseek-r1-14b,spectronaut,constrained,3,21.67
Qvalue,EG.Qvalue,EG.Qvalue,1,TRUE,TRUE,FALSE,0.98,TRUE,1,deepseek-r1-14b,spectronaut,constrained,3,21.67
ProteinName,PG.ProteinAccessions,PG.ProteinGroups,2,FALSE,TRUE,FALSE,0.95,TRUE,1,deepseek-r1-14b,spectronaut,filter_aware,1,28.32
PeptideSequence,PEP.StrippedSequence,EG.ModifiedSequence,1,FALSE,FALSE,FALSE,0.95,TRUE,1,deepseek-r1-14b,spectronaut,filter_aware,1,28.32
PrecursorCharge,FG.Charge,FG.Charge,1,TRUE,TRUE,FALSE,0.95,TRUE,1,deepseek-r1-14b,spectronaut,filter_aware,1,28.32
FragmentIon,F.FrgIon,F.FrgIon,1,TRUE,TRUE,FALSE,0.95,TRUE,1,deepseek-r1-14b,spectronaut,filter_aware,1,28.32
ProductCharge,F.Charge,F.Charge,2,TRUE,TRUE,FALSE,0.85,TRUE,1,deepseek-r1-14b,spectronaut,filter_aware,1,28.32
Run,R.FileName,R.FileName,1,TRUE,TRUE,FALSE,0.95,TRUE,1,deepseek-r1-14b,spectronaut,filter_aware,1,28.32
Intensity,F.NormalizedPeakArea,F.PeakArea,4,FALSE,TRUE,FALSE,0.95,TRUE,1,deepseek-r1-14b,spectronaut,filter_aware,1,28.32
Qvalue,EG.Qvalue,EG.Qvalue,1,TRUE,TRUE,FALSE,0.85,TRUE,1,deepseek-r1-14b,spectronaut,filter_aware,1,28.32
ProteinName,PG.ProteinAccessions,PG.ProteinGroups,2,FALSE,TRUE,FALSE,0.95,TRUE,1,deepseek-r1-14b,spectronaut,filter_aware,2,30.26
PeptideSequence,PEP.StrippedSequence,EG.ModifiedSequence,1,FALSE,FALSE,FALSE,0.95,TRUE,1,deepseek-r1-14b,spectronaut,filter_aware,2,30.26
PrecursorCharge,FG.Charge,FG.Charge,1,TRUE,TRUE,FALSE,0.95,TRUE,1,deepseek-r1-14b,spectronaut,filter_aware,2,30.26
FragmentIon,F.FrgIon,F.FrgIon,1,TRUE,TRUE,FALSE,0.95,TRUE,1,deepseek-r1-14b,spectronaut,filter_aware,2,30.26
ProductCharge,F.Charge,F.Charge,2,TRUE,TRUE,FALSE,0.85,TRUE,1,deepseek-r1-14b,spectronaut,filter_aware,2,30.26
Run,R.FileName,R.FileName,1,TRUE,TRUE,FALSE,0.95,TRUE,1,deepseek-r1-14b,spectronaut,filter_aware,2,30.26
Intensity,F.NormalizedPeakArea,F.PeakArea,4,FALSE,TRUE,FALSE,0.95,TRUE,1,deepseek-r1-14b,spectronaut,filter_aware,2,30.26
Qvalue,EG.Qvalue,EG.Qvalue,1,TRUE,TRUE,FALSE,0.85,TRUE,1,deepseek-r1-14b,spectronaut,filter_aware,2,30.26
ProteinName,PG.ProteinAccessions,PG.ProteinGroups,2,FALSE,TRUE,FALSE,0.95,TRUE,1,deepseek-r1-14b,spectronaut,filter_aware,3,28.64
PeptideSequence,PEP.StrippedSequence,EG.ModifiedSequence,1,FALSE,FALSE,FALSE,0.95,TRUE,1,deepseek-r1-14b,spectronaut,filter_aware,3,28.64
PrecursorCharge,FG.Charge,FG.Charge,1,TRUE,TRUE,FALSE,0.95,TRUE,1,deepseek-r1-14b,spectronaut,filter_aware,3,28.64
FragmentIon,F.FrgIon,F.FrgIon,1,TRUE,TRUE,FALSE,0.95,TRUE,1,deepseek-r1-14b,spectronaut,filter_aware,3,28.64
ProductCharge,F.Charge,F.Charge,2,TRUE,TRUE,FALSE,0.85,TRUE,1,deepseek-r1-14b,spectronaut,filter_aware,3,28.64
Run,R.FileName,R.FileName,1,TRUE,TRUE,FALSE,0.95,TRUE,1,deepseek-r1-14b,spectronaut,filter_aware,3,28.64
Intensity,F.NormalizedPeakArea,F.PeakArea,4,FALSE,TRUE,FALSE,0.95,TRUE,1,deepseek-r1-14b,spectronaut,filter_aware,3,28.64
Qvalue,EG.Qvalue,EG.Qvalue,1,TRUE,TRUE,FALSE,0.85,TRUE,1,deepseek-r1-14b,spectronaut,filter_aware,3,28.64
ProteinName,PG.ProteinAccessions,PG.ProteinGroups,2,FALSE,TRUE,FALSE,0.98,TRUE,1,deepseek-r1-14b,spectronaut,constrained_filter,1,30.93
PeptideSequence,PEP.StrippedSequence,EG.ModifiedSequence,1,FALSE,FALSE,FALSE,0.98,TRUE,1,deepseek-r1-14b,spectronaut,constrained_filter,1,30.93
PrecursorCharge,FG.Charge,FG.Charge,1,TRUE,TRUE,FALSE,0.98,TRUE,1,deepseek-r1-14b,spectronaut,constrained_filter,1,30.93
FragmentIon,F.FrgIon,F.FrgIon,1,TRUE,TRUE,FALSE,0.98,TRUE,1,deepseek-r1-14b,spectronaut,constrained_filter,1,30.93
ProductCharge,F.Charge,F.Charge,2,TRUE,TRUE,FALSE,0.98,TRUE,1,deepseek-r1-14b,spectronaut,constrained_filter,1,30.93
Run,R.FileName,R.FileName,1,TRUE,TRUE,FALSE,0.98,TRUE,1,deepseek-r1-14b,spectronaut,constrained_filter,1,30.93
Intensity,F.NormalizedPeakArea,F.PeakArea,4,FALSE,TRUE,FALSE,0.98,TRUE,1,deepseek-r1-14b,spectronaut,constrained_filter,1,30.93
Qvalue,PG.Qvalue,EG.Qvalue,1,FALSE,FALSE,FALSE,0.98,TRUE,1,deepseek-r1-14b,spectronaut,constrained_filter,1,30.93
ProteinName,PG.ProteinAccessions,PG.ProteinGroups,2,FALSE,TRUE,FALSE,0.98,TRUE,1,deepseek-r1-14b,spectronaut,constrained_filter,2,29.84
PeptideSequence,PEP.StrippedSequence,EG.ModifiedSequence,1,FALSE,FALSE,FALSE,0.98,TRUE,1,deepseek-r1-14b,spectronaut,constrained_filter,2,29.84
PrecursorCharge,FG.Charge,FG.Charge,1,TRUE,TRUE,FALSE,0.98,TRUE,1,deepseek-r1-14b,spectronaut,constrained_filter,2,29.84
FragmentIon,F.FrgIon,F.FrgIon,1,TRUE,TRUE,FALSE,0.98,TRUE,1,deepseek-r1-14b,spectronaut,constrained_filter,2,29.84
ProductCharge,F.Charge,F.Charge,2,TRUE,TRUE,FALSE,0.98,TRUE,1,deepseek-r1-14b,spectronaut,constrained_filter,2,29.84
Run,R.FileName,R.FileName,1,TRUE,TRUE,FALSE,0.98,TRUE,1,deepseek-r1-14b,spectronaut,constrained_filter,2,29.84
Intensity,F.NormalizedPeakArea,F.PeakArea,4,FALSE,TRUE,FALSE,0.98,TRUE,1,deepseek-r1-14b,spectronaut,constrained_filter,2,29.84
Qvalue,PG.Qvalue,EG.Qvalue,1,FALSE,FALSE,FALSE,0.98,TRUE,1,deepseek-r1-14b,spectronaut,constrained_filter,2,29.84
ProteinName,PG.ProteinAccessions,PG.ProteinGroups,2,FALSE,TRUE,FALSE,0.98,TRUE,1,deepseek-r1-14b,spectronaut,constrained_filter,3,25.16
PeptideSequence,PEP.StrippedSequence,EG.ModifiedSequence,1,FALSE,FALSE,FALSE,0.98,TRUE,1,deepseek-r1-14b,spectronaut,constrained_filter,3,25.16
PrecursorCharge,FG.Charge,FG.Charge,1,TRUE,TRUE,FALSE,0.98,TRUE,1,deepseek-r1-14b,spectronaut,constrained_filter,3,25.16
FragmentIon,F.FrgIon,F.FrgIon,1,TRUE,TRUE,FALSE,0.98,TRUE,1,deepseek-r1-14b,spectronaut,constrained_filter,3,25.16
ProductCharge,F.Charge,F.Charge,2,TRUE,TRUE,FALSE,0.98,TRUE,1,deepseek-r1-14b,spectronaut,constrained_filter,3,25.16
Run,R.FileName,R.FileName,1,TRUE,TRUE,FALSE,0.98,TRUE,1,deepseek-r1-14b,spectronaut,constrained_filter,3,25.16
Intensity,F.NormalizedPeakArea,F.PeakArea,4,FALSE,TRUE,FALSE,0.98,TRUE,1,deepseek-r1-14b,spectronaut,constrained_filter,3,25.16
Qvalue,PG.Qvalue,EG.Qvalue,1,FALSE,FALSE,FALSE,0.98,TRUE,1,deepseek-r1-14b,spectronaut,constrained_filter,3,25.16
ProteinName,PG.ProteinAccessions,PG.ProteinGroups,2,FALSE,TRUE,FALSE,0.98,TRUE,1,deepseek-r1-14b,spectronaut,constrained_v2,1,16.76
PeptideSequence,EG.ModifiedSequence,EG.ModifiedSequence,1,TRUE,TRUE,FALSE,0.98,TRUE,1,deepseek-r1-14b,spectronaut,constrained_v2,1,16.76
PrecursorCharge,FG.Charge,FG.Charge,1,TRUE,TRUE,FALSE,0.98,TRUE,1,deepseek-r1-14b,spectronaut,constrained_v2,1,16.76
FragmentIon,F.FrgIon,F.FrgIon,1,TRUE,TRUE,FALSE,0.98,TRUE,1,deepseek-r1-14b,spectronaut,constrained_v2,1,16.76
ProductCharge,F.Charge,F.Charge,2,TRUE,TRUE,FALSE,0.92,TRUE,1,deepseek-r1-14b,spectronaut,constrained_v2,1,16.76
Run,R.FileName,R.FileName,1,TRUE,TRUE,FALSE,0.98,TRUE,1,deepseek-r1-14b,spectronaut,constrained_v2,1,16.76
Intensity,F.NormalizedPeakArea,F.PeakArea,4,FALSE,TRUE,FALSE,0.98,TRUE,1,deepseek-r1-14b,spectronaut,constrained_v2,1,16.76
Qvalue,EG.Qvalue,EG.Qvalue,1,TRUE,TRUE,FALSE,0.98,TRUE,1,deepseek-r1-14b,spectronaut,constrained_v2,1,16.76
ProteinName,PG.ProteinAccessions,PG.ProteinGroups,2,FALSE,TRUE,FALSE,0.98,TRUE,1,deepseek-r1-14b,spectronaut,constrained_v2,2,15.52
PeptideSequence,EG.ModifiedSequence,EG.ModifiedSequence,1,TRUE,TRUE,FALSE,0.98,TRUE,1,deepseek-r1-14b,spectronaut,constrained_v2,2,15.52
PrecursorCharge,FG.Charge,FG.Charge,1,TRUE,TRUE,FALSE,0.98,TRUE,1,deepseek-r1-14b,spectronaut,constrained_v2,2,15.52
FragmentIon,F.FrgIon,F.FrgIon,1,TRUE,TRUE,FALSE,0.98,TRUE,1,deepseek-r1-14b,spectronaut,constrained_v2,2,15.52
ProductCharge,F.Charge,F.Charge,2,TRUE,TRUE,FALSE,0.92,TRUE,1,deepseek-r1-14b,spectronaut,constrained_v2,2,15.52
Run,R.FileName,R.FileName,1,TRUE,TRUE,FALSE,0.98,TRUE,1,deepseek-r1-14b,spectronaut,constrained_v2,2,15.52
Intensity,F.NormalizedPeakArea,F.PeakArea,4,FALSE,TRUE,FALSE,0.98,TRUE,1,deepseek-r1-14b,spectronaut,constrained_v2,2,15.52
Qvalue,EG.Qvalue,EG.Qvalue,1,TRUE,TRUE,FALSE,0.98,TRUE,1,deepseek-r1-14b,spectronaut,constrained_v2,2,15.52
ProteinName,PG.ProteinAccessions,PG.ProteinGroups,2,FALSE,TRUE,FALSE,0.98,TRUE,1,deepseek-r1-14b,spectronaut,constrained_v2,3,18.69
PeptideSequence,EG.ModifiedSequence,EG.ModifiedSequence,1,TRUE,TRUE,FALSE,0.98,TRUE,1,deepseek-r1-14b,spectronaut,constrained_v2,3,18.69
PrecursorCharge,FG.Charge,FG.Charge,1,TRUE,TRUE,FALSE,0.98,TRUE,1,deepseek-r1-14b,spectronaut,constrained_v2,3,18.69
FragmentIon,F.FrgIon,F.FrgIon,1,TRUE,TRUE,FALSE,0.98,TRUE,1,deepseek-r1-14b,spectronaut,constrained_v2,3,18.69
ProductCharge,F.Charge,F.Charge,2,TRUE,TRUE,FALSE,0.92,TRUE,1,deepseek-r1-14b,spectronaut,constrained_v2,3,18.69
Run,R.FileName,R.FileName,1,TRUE,TRUE,FALSE,0.98,TRUE,1,deepseek-r1-14b,spectronaut,constrained_v2,3,18.69
Intensity,F.NormalizedPeakArea,F.PeakArea,4,FALSE,TRUE,FALSE,0.98,TRUE,1,deepseek-r1-14b,spectronaut,constrained_v2,3,18.69
Qvalue,EG.Qvalue,EG.Qvalue,1,TRUE,TRUE,FALSE,0.98,TRUE,1,deepseek-r1-14b,spectronaut,constrained_v2,3,18.69
ProteinName,PG.ProteinAccessions,PG.ProteinGroups,2,FALSE,TRUE,FALSE,0.98,TRUE,1,deepseek-r1-14b,spectronaut,constrained_filter_v2,1,28.12
PeptideSequence,EG.ModifiedSequence,EG.ModifiedSequence,1,TRUE,TRUE,FALSE,0.98,TRUE,1,deepseek-r1-14b,spectronaut,constrained_filter_v2,1,28.12
PrecursorCharge,FG.Charge,FG.Charge,1,TRUE,TRUE,FALSE,0.98,TRUE,1,deepseek-r1-14b,spectronaut,constrained_filter_v2,1,28.12
FragmentIon,F.FrgIon,F.FrgIon,1,TRUE,TRUE,FALSE,0.98,TRUE,1,deepseek-r1-14b,spectronaut,constrained_filter_v2,1,28.12
ProductCharge,F.Charge,F.Charge,2,TRUE,TRUE,FALSE,0.8,TRUE,1,deepseek-r1-14b,spectronaut,constrained_filter_v2,1,28.12
Run,R.FileName,R.FileName,1,TRUE,TRUE,FALSE,0.98,TRUE,1,deepseek-r1-14b,spectronaut,constrained_filter_v2,1,28.12
Intensity,F.NormalizedPeakArea,F.PeakArea,4,FALSE,TRUE,FALSE,0.98,TRUE,1,deepseek-r1-14b,spectronaut,constrained_filter_v2,1,28.12
Qvalue,PG.Qvalue,EG.Qvalue,1,FALSE,FALSE,FALSE,0.98,TRUE,1,deepseek-r1-14b,spectronaut,constrained_filter_v2,1,28.12
ProteinName,PG.ProteinAccessions,PG.ProteinGroups,2,FALSE,TRUE,FALSE,0.98,TRUE,1,deepseek-r1-14b,spectronaut,constrained_filter_v2,2,27.59
PeptideSequence,EG.ModifiedSequence,EG.ModifiedSequence,1,TRUE,TRUE,FALSE,0.98,TRUE,1,deepseek-r1-14b,spectronaut,constrained_filter_v2,2,27.59
PrecursorCharge,FG.Charge,FG.Charge,1,TRUE,TRUE,FALSE,0.98,TRUE,1,deepseek-r1-14b,spectronaut,constrained_filter_v2,2,27.59
FragmentIon,F.FrgIon,F.FrgIon,1,TRUE,TRUE,FALSE,0.98,TRUE,1,deepseek-r1-14b,spectronaut,constrained_filter_v2,2,27.59
ProductCharge,F.Charge,F.Charge,2,TRUE,TRUE,FALSE,0.8,TRUE,1,deepseek-r1-14b,spectronaut,constrained_filter_v2,2,27.59
Run,R.FileName,R.FileName,1,TRUE,TRUE,FALSE,0.98,TRUE,1,deepseek-r1-14b,spectronaut,constrained_filter_v2,2,27.59
Intensity,F.NormalizedPeakArea,F.PeakArea,4,FALSE,TRUE,FALSE,0.98,TRUE,1,deepseek-r1-14b,spectronaut,constrained_filter_v2,2,27.59
Qvalue,PG.Qvalue,EG.Qvalue,1,FALSE,FALSE,FALSE,0.98,TRUE,1,deepseek-r1-14b,spectronaut,constrained_filter_v2,2,27.59
ProteinName,PG.ProteinAccessions,PG.ProteinGroups,2,FALSE,TRUE,FALSE,0.98,TRUE,1,deepseek-r1-14b,spectronaut,constrained_filter_v2,3,27.14
PeptideSequence,EG.ModifiedSequence,EG.ModifiedSequence,1,TRUE,TRUE,FALSE,0.98,TRUE,1,deepseek-r1-14b,spectronaut,constrained_filter_v2,3,27.14
PrecursorCharge,FG.Charge,FG.Charge,1,TRUE,TRUE,FALSE,0.98,TRUE,1,deepseek-r1-14b,spectronaut,constrained_filter_v2,3,27.14
FragmentIon,F.FrgIon,F.FrgIon,1,TRUE,TRUE,FALSE,0.98,TRUE,1,deepseek-r1-14b,spectronaut,constrained_filter_v2,3,27.14
ProductCharge,F.Charge,F.Charge,2,TRUE,TRUE,FALSE,0.8,TRUE,1,deepseek-r1-14b,spectronaut,constrained_filter_v2,3,27.14
Run,R.FileName,R.FileName,1,TRUE,TRUE,FALSE,0.98,TRUE,1,deepseek-r1-14b,spectronaut,constrained_filter_v2,3,27.14
Intensity,F.NormalizedPeakArea,F.PeakArea,4,FALSE,TRUE,FALSE,0.98,TRUE,1,deepseek-r1-14b,spectronaut,constrained_filter_v2,3,27.14
Qvalue,PG.Qvalue,EG.Qvalue,1,FALSE,FALSE,FALSE,0.98,TRUE,1,deepseek-r1-14b,spectronaut,constrained_filter_v2,3,27.14
ProteinName,PG.ProteinAccessions,PG.ProteinGroups,2,FALSE,TRUE,FALSE,0.98,TRUE,1,deepseek-r1-14b,spectronaut,constrained_v3,1,18.49
PeptideSequence,EG.ModifiedSequence,EG.ModifiedSequence,1,TRUE,TRUE,FALSE,0.98,TRUE,1,deepseek-r1-14b,spectronaut,constrained_v3,1,18.49
PrecursorCharge,FG.Charge,FG.Charge,1,TRUE,TRUE,FALSE,0.98,TRUE,1,deepseek-r1-14b,spectronaut,constrained_v3,1,18.49
FragmentIon,F.FrgIon,F.FrgIon,1,TRUE,TRUE,FALSE,0.98,TRUE,1,deepseek-r1-14b,spectronaut,constrained_v3,1,18.49
ProductCharge,F.Charge,F.Charge,2,TRUE,TRUE,FALSE,0.98,TRUE,1,deepseek-r1-14b,spectronaut,constrained_v3,1,18.49
Run,R.FileName,R.FileName,1,TRUE,TRUE,FALSE,0.98,TRUE,1,deepseek-r1-14b,spectronaut,constrained_v3,1,18.49
Intensity,F.NormalizedPeakArea,F.PeakArea,4,FALSE,TRUE,FALSE,0.98,TRUE,1,deepseek-r1-14b,spectronaut,constrained_v3,1,18.49
Qvalue,PG.Qvalue,EG.Qvalue,1,FALSE,FALSE,FALSE,0.98,TRUE,1,deepseek-r1-14b,spectronaut,constrained_v3,1,18.49
ProteinName,PG.ProteinAccessions,PG.ProteinGroups,2,FALSE,TRUE,FALSE,0.98,TRUE,1,deepseek-r1-14b,spectronaut,constrained_v3,2,18.31
PeptideSequence,EG.ModifiedSequence,EG.ModifiedSequence,1,TRUE,TRUE,FALSE,0.98,TRUE,1,deepseek-r1-14b,spectronaut,constrained_v3,2,18.31
PrecursorCharge,FG.Charge,FG.Charge,1,TRUE,TRUE,FALSE,0.98,TRUE,1,deepseek-r1-14b,spectronaut,constrained_v3,2,18.31
FragmentIon,F.FrgIon,F.FrgIon,1,TRUE,TRUE,FALSE,0.98,TRUE,1,deepseek-r1-14b,spectronaut,constrained_v3,2,18.31
ProductCharge,F.Charge,F.Charge,2,TRUE,TRUE,FALSE,0.98,TRUE,1,deepseek-r1-14b,spectronaut,constrained_v3,2,18.31
Run,R.FileName,R.FileName,1,TRUE,TRUE,FALSE,0.98,TRUE,1,deepseek-r1-14b,spectronaut,constrained_v3,2,18.31
Intensity,F.NormalizedPeakArea,F.PeakArea,4,FALSE,TRUE,FALSE,0.98,TRUE,1,deepseek-r1-14b,spectronaut,constrained_v3,2,18.31
Qvalue,PG.Qvalue,EG.Qvalue,1,FALSE,FALSE,FALSE,0.98,TRUE,1,deepseek-r1-14b,spectronaut,constrained_v3,2,18.31
ProteinName,PG.ProteinAccessions,PG.ProteinGroups,2,FALSE,TRUE,FALSE,0.98,TRUE,1,deepseek-r1-14b,spectronaut,constrained_v3,3,17.19
PeptideSequence,EG.ModifiedSequence,EG.ModifiedSequence,1,TRUE,TRUE,FALSE,0.98,TRUE,1,deepseek-r1-14b,spectronaut,constrained_v3,3,17.19
PrecursorCharge,FG.Charge,FG.Charge,1,TRUE,TRUE,FALSE,0.98,TRUE,1,deepseek-r1-14b,spectronaut,constrained_v3,3,17.19
FragmentIon,F.FrgIon,F.FrgIon,1,TRUE,TRUE,FALSE,0.98,TRUE,1,deepseek-r1-14b,spectronaut,constrained_v3,3,17.19
ProductCharge,F.Charge,F.Charge,2,TRUE,TRUE,FALSE,0.98,TRUE,1,deepseek-r1-14b,spectronaut,constrained_v3,3,17.19
Run,R.FileName,R.FileName,1,TRUE,TRUE,FALSE,0.98,TRUE,1,deepseek-r1-14b,spectronaut,constrained_v3,3,17.19
Intensity,F.NormalizedPeakArea,F.PeakArea,4,FALSE,TRUE,FALSE,0.98,TRUE,1,deepseek-r1-14b,spectronaut,constrained_v3,3,17.19
Qvalue,PG.Qvalue,EG.Qvalue,1,FALSE,FALSE,FALSE,0.98,TRUE,1,deepseek-r1-14b,spectronaut,constrained_v3,3,17.19
ProteinName,PG.ProteinAccessions,PG.ProteinGroups,2,FALSE,TRUE,FALSE,0.98,TRUE,1,deepseek-r1-14b,spectronaut,constrained_filter_v3,1,26.78
PeptideSequence,EG.ModifiedSequence,EG.ModifiedSequence,1,TRUE,TRUE,FALSE,0.98,TRUE,1,deepseek-r1-14b,spectronaut,constrained_filter_v3,1,26.78
PrecursorCharge,FG.Charge,FG.Charge,1,TRUE,TRUE,FALSE,0.98,TRUE,1,deepseek-r1-14b,spectronaut,constrained_filter_v3,1,26.78
FragmentIon,F.FrgIon,F.FrgIon,1,TRUE,TRUE,FALSE,0.98,TRUE,1,deepseek-r1-14b,spectronaut,constrained_filter_v3,1,26.78
ProductCharge,F.Charge,F.Charge,2,TRUE,TRUE,FALSE,0.98,TRUE,1,deepseek-r1-14b,spectronaut,constrained_filter_v3,1,26.78
Run,R.FileName,R.FileName,1,TRUE,TRUE,FALSE,0.98,TRUE,1,deepseek-r1-14b,spectronaut,constrained_filter_v3,1,26.78
Intensity,F.NormalizedPeakArea,F.PeakArea,4,FALSE,TRUE,FALSE,0.98,TRUE,1,deepseek-r1-14b,spectronaut,constrained_filter_v3,1,26.78
Qvalue,PG.Qvalue,EG.Qvalue,1,FALSE,FALSE,FALSE,0.92,TRUE,1,deepseek-r1-14b,spectronaut,constrained_filter_v3,1,26.78
ProteinName,PG.ProteinAccessions,PG.ProteinGroups,2,FALSE,TRUE,FALSE,0.98,TRUE,1,deepseek-r1-14b,spectronaut,constrained_filter_v3,2,24.61
PeptideSequence,EG.ModifiedSequence,EG.ModifiedSequence,1,TRUE,TRUE,FALSE,0.98,TRUE,1,deepseek-r1-14b,spectronaut,constrained_filter_v3,2,24.61
PrecursorCharge,FG.Charge,FG.Charge,1,TRUE,TRUE,FALSE,0.98,TRUE,1,deepseek-r1-14b,spectronaut,constrained_filter_v3,2,24.61
FragmentIon,F.FrgIon,F.FrgIon,1,TRUE,TRUE,FALSE,0.98,TRUE,1,deepseek-r1-14b,spectronaut,constrained_filter_v3,2,24.61
ProductCharge,F.Charge,F.Charge,2,TRUE,TRUE,FALSE,0.98,TRUE,1,deepseek-r1-14b,spectronaut,constrained_filter_v3,2,24.61
Run,R.FileName,R.FileName,1,TRUE,TRUE,FALSE,0.98,TRUE,1,deepseek-r1-14b,spectronaut,constrained_filter_v3,2,24.61
Intensity,F.NormalizedPeakArea,F.PeakArea,4,FALSE,TRUE,FALSE,0.98,TRUE,1,deepseek-r1-14b,spectronaut,constrained_filter_v3,2,24.61
Qvalue,PG.Qvalue,EG.Qvalue,1,FALSE,FALSE,FALSE,0.92,TRUE,1,deepseek-r1-14b,spectronaut,constrained_filter_v3,2,24.61
ProteinName,PG.ProteinAccessions,PG.ProteinGroups,2,FALSE,TRUE,FALSE,0.98,TRUE,1,deepseek-r1-14b,spectronaut,constrained_filter_v3,3,25.6
PeptideSequence,EG.ModifiedSequence,EG.ModifiedSequence,1,TRUE,TRUE,FALSE,0.98,TRUE,1,deepseek-r1-14b,spectronaut,constrained_filter_v3,3,25.6
PrecursorCharge,FG.Charge,FG.Charge,1,TRUE,TRUE,FALSE,0.98,TRUE,1,deepseek-r1-14b,spectronaut,constrained_filter_v3,3,25.6
FragmentIon,F.FrgIon,F.FrgIon,1,TRUE,TRUE,FALSE,0.98,TRUE,1,deepseek-r1-14b,spectronaut,constrained_filter_v3,3,25.6
ProductCharge,F.Charge,F.Charge,2,TRUE,TRUE,FALSE,0.98,TRUE,1,deepseek-r1-14b,spectronaut,constrained_filter_v3,3,25.6
Run,R.FileName,R.FileName,1,TRUE,TRUE,FALSE,0.98,TRUE,1,deepseek-r1-14b,spectronaut,constrained_filter_v3,3,25.6
Intensity,F.NormalizedPeakArea,F.PeakArea,4,FALSE,TRUE,FALSE,0.98,TRUE,1,deepseek-r1-14b,spectronaut,constrained_filter_v3,3,25.6
Qvalue,PG.Qvalue,EG.Qvalue,1,FALSE,FALSE,FALSE,0.92,TRUE,1,deepseek-r1-14b,spectronaut,constrained_filter_v3,3,25.6
