column,dtype,operation,value,description,confidence,model,tool,prompt,rep
F.ExcludedFromQuantification,boolean,equals,FALSE,Exclude features flagged as excluded from quantification,1,llama3.2-3b,spectronaut,filter_aware,1
F.FrgLossType,string,equals,noloss,Keep only 'noloss' fragments,1,llama3.2-3b,spectronaut,filter_aware,1
F.FrgIon,string,contains,y,Filter by fragment ion type,0.8,llama3.2-3b,spectronaut,filter_aware,1
F.FrgMz,string,contains,674,Filter by fragment mass,0.8,llama3.2-3b,spectronaut,filter_aware,1
F.FrgNum,string,contains,6,Filter by fragment number,0.8,llama3.2-3b,spectronaut,filter_aware,1
F.NormalizedPeakArea,string,greater_than,1306,Filter by normalized peak area,0.8,llama3.2-3b,spectronaut,filter_aware,1
F.NormalizedPeakHeight,string,greater_than,6896,Filter by normalized peak height,0.8,llama3.2-3b,spectronaut,filter_aware,1
F.PeakArea,string,greater_than,1394,Filter by peak area,0.8,llama3.2-3b,spectronaut,filter_aware,1
F.PeakHeight,string,greater_than,7359,Filter by peak height,0.8,llama3.2-3b,spectronaut,filter_aware,1
F.ExcludedFromQuantification,boolean,equals,FALSE,Exclude features flagged as excluded from quantification,1,llama3.2-3b,spectronaut,filter_aware,2
F.FrgLossType,string,equals,noloss,Keep only 'noloss' fragments,1,llama3.2-3b,spectronaut,filter_aware,2
F.FrgIon,string,contains,y,Filter by fragment ion type,0.8,llama3.2-3b,spectronaut,filter_aware,2
F.FrgMz,string,contains,674,Filter by fragment mass,0.8,llama3.2-3b,spectronaut,filter_aware,2
F.FrgNum,string,contains,6,Filter by fragment number,0.8,llama3.2-3b,spectronaut,filter_aware,2
F.NormalizedPeakArea,string,greater_than,1306,Filter by normalized peak area,0.8,llama3.2-3b,spectronaut,filter_aware,2
F.NormalizedPeakHeight,string,greater_than,6896,Filter by normalized peak height,0.8,llama3.2-3b,spectronaut,filter_aware,2
F.PeakArea,string,greater_than,1394,Filter by peak area,0.8,llama3.2-3b,spectronaut,filter_aware,2
F.PeakHeight,string,greater_than,7359,Filter by peak height,0.8,llama3.2-3b,spectronaut,filter_aware,2
F.ExcludedFromQuantification,boolean,equals,FALSE,Exclude features flagged as excluded from quantification,1,llama3.2-3b,spectronaut,filter_aware,3
F.FrgLossType,string,equals,noloss,Keep only 'noloss' fragments,1,llama3.2-3b,spectronaut,filter_aware,3
F.FrgIon,string,contains,y,Filter by fragment ion type,0.8,llama3.2-3b,spectronaut,filter_aware,3
F.FrgMz,string,contains,674,Filter by fragment mass,0.8,llama3.2-3b,spectronaut,filter_aware,3
F.FrgNum,string,contains,6,Filter by fragment number,0.8,llama3.2-3b,spectronaut,filter_aware,3
F.NormalizedPeakArea,string,greater_than,1306,Filter by normalized peak area,0.8,llama3.2-3b,spectronaut,filter_aware,3
F.NormalizedPeakHeight,string,greater_than,6896,Filter by normalized peak height,0.8,llama3.2-3b,spectronaut,filter_aware,3
F.PeakArea,string,greater_than,1394,Filter by peak area,0.8,llama3.2-3b,spectronaut,filter_aware,3
F.PeakHeight,string,greater_than,7359,Filter by peak height,0.8,llama3.2-3b,spectronaut,filter_aware,3
F.ExcludedFromQuantification,boolean,equals,FALSE,Excluded features should not be filtered out,1,llama3.2-3b,spectronaut,constrained_filter,1
F.FrgLossType,string,equals,noloss,Only noloss fragments should be considered,1,llama3.2-3b,spectronaut,constrained_filter,1
EG.Qvalue,numeric,less_than,log10(1e-6),Only peptides with Qvalue < log10(1e-6) should be considered,0.8,llama3.2-3b,spectronaut,constrained_filter,1
EG.Library,string,contains,ecoli,Only libraries containing 'ecoli' should be considered,0.8,llama3.2-3b,spectronaut,constrained_filter,1
F.ExcludedFromQuantification,boolean,equals,FALSE,Excluded features should not be filtered out,1,llama3.2-3b,spectronaut,constrained_filter,2
F.FrgLossType,string,equals,noloss,Only noloss fragments should be considered,1,llama3.2-3b,spectronaut,constrained_filter,2
EG.Qvalue,numeric,less_than,log10(1e-6),Only peptides with Qvalue < log10(1e-6) should be considered,0.8,llama3.2-3b,spectronaut,constrained_filter,2
EG.Library,string,contains,ecoli,Only libraries containing 'ecoli' should be considered,0.8,llama3.2-3b,spectronaut,constrained_filter,2
F.ExcludedFromQuantification,boolean,equals,FALSE,Excluded features should not be filtered out,1,llama3.2-3b,spectronaut,constrained_filter,3
F.FrgLossType,string,equals,noloss,Only noloss fragments should be considered,1,llama3.2-3b,spectronaut,constrained_filter,3
EG.Qvalue,numeric,less_than,log10(1e-6),Only peptides with Qvalue < log10(1e-6) should be considered,0.8,llama3.2-3b,spectronaut,constrained_filter,3
EG.Library,string,contains,ecoli,Only libraries containing 'ecoli' should be considered,0.8,llama3.2-3b,spectronaut,constrained_filter,3
Decoy.Peptides.Matched,boolean,not_equals,true,Filter out decoy peptides,0,llama3.2-3b,proteome_discoverer,filter_aware,1
Homology.Threshold,numeric,equals,13,Filter out low homology scores,0,llama3.2-3b,proteome_discoverer,filter_aware,1
Identity.High,numeric,equals,13,Filter out low identity scores,0,llama3.2-3b,proteome_discoverer,filter_aware,1
Identity.Middle,numeric,equals,13,Filter out low identity scores,0,llama3.2-3b,proteome_discoverer,filter_aware,1
Isolation.Interference,numeric,greater_than,50,Filter out high isolation interference scores,0,llama3.2-3b,proteome_discoverer,filter_aware,1
X.Missed.Cleavages,numeric,equals,0,Filter out missed cleavages,0,llama3.2-3b,proteome_discoverer,filter_aware,1
QuanResultID,boolean,not_equals,true,Filter out quantification results,0,llama3.2-3b,proteome_discoverer,filter_aware,1
Decoy.Peptides.Matched,boolean,not_equals,true,Filter out decoy peptides,0,llama3.2-3b,proteome_discoverer,filter_aware,2
Homology.Threshold,numeric,equals,13,Filter out low homology scores,0,llama3.2-3b,proteome_discoverer,filter_aware,2
Identity.High,numeric,equals,13,Filter out low identity scores,0,llama3.2-3b,proteome_discoverer,filter_aware,2
Identity.Middle,numeric,equals,13,Filter out low identity scores,0,llama3.2-3b,proteome_discoverer,filter_aware,2
Isolation.Interference,numeric,greater_than,50,Filter out high isolation interference scores,0,llama3.2-3b,proteome_discoverer,filter_aware,2
X.Missed.Cleavages,numeric,equals,0,Filter out missed cleavages,0,llama3.2-3b,proteome_discoverer,filter_aware,2
QuanResultID,boolean,not_equals,true,Filter out quantification results,0,llama3.2-3b,proteome_discoverer,filter_aware,2
Decoy.Peptides.Matched,boolean,not_equals,true,Filter out decoy peptides,0,llama3.2-3b,proteome_discoverer,filter_aware,3
Homology.Threshold,numeric,equals,13,Filter out low homology scores,0,llama3.2-3b,proteome_discoverer,filter_aware,3
Identity.High,numeric,equals,13,Filter out low identity scores,0,llama3.2-3b,proteome_discoverer,filter_aware,3
Identity.Middle,numeric,equals,13,Filter out low identity scores,0,llama3.2-3b,proteome_discoverer,filter_aware,3
Isolation.Interference,numeric,greater_than,50,Filter out high isolation interference scores,0,llama3.2-3b,proteome_discoverer,filter_aware,3
X.Missed.Cleavages,numeric,equals,0,Filter out missed cleavages,0,llama3.2-3b,proteome_discoverer,filter_aware,3
QuanResultID,boolean,not_equals,true,Filter out quantification results,0,llama3.2-3b,proteome_discoverer,filter_aware,3
Confidence.Level,string,equals,High,Filter for high confidence levels,1,llama3.2-3b,proteome_discoverer,constrained_filter,1
PSM.Ambiguity,string,equals,Unambiguous,Filter for unambiguous PSMs,1,llama3.2-3b,proteome_discoverer,constrained_filter,1
Decoy.Peptides.Matched,boolean,not_equals,0,Filter for no matched decoy peptides,1,llama3.2-3b,proteome_discoverer,constrained_filter,1
QuanResultID,null,equals,null,Filter for no quantification results,1,llama3.2-3b,proteome_discoverer,constrained_filter,1
Homology.Threshold,numeric,greater_than,Mythical,Filter for high homology threshold,0,llama3.2-3b,proteome_discoverer,constrained_filter,1
Identity.High,numeric,greater_than,Mythical,Filter for high identity,0,llama3.2-3b,proteome_discoverer,constrained_filter,1
Identity.Middle,numeric,greater_than,Mythical,Filter for middle identity,0,llama3.2-3b,proteome_discoverer,constrained_filter,1
Delta.Mass.Da,numeric,equals,Mythical,Filter for delta mass Da,0,llama3.2-3b,proteome_discoverer,constrained_filter,1
Confidence.Level,string,equals,High,Filter for high confidence levels,1,llama3.2-3b,proteome_discoverer,constrained_filter,2
PSM.Ambiguity,string,equals,Unambiguous,Filter for unambiguous PSMs,1,llama3.2-3b,proteome_discoverer,constrained_filter,2
Decoy.Peptides.Matched,boolean,not_equals,0,Filter for no matched decoy peptides,1,llama3.2-3b,proteome_discoverer,constrained_filter,2
QuanResultID,null,equals,null,Filter for no quantification results,1,llama3.2-3b,proteome_discoverer,constrained_filter,2
Homology.Threshold,numeric,greater_than,Mythical,Filter for high homology threshold,0,llama3.2-3b,proteome_discoverer,constrained_filter,2
Identity.High,numeric,greater_than,Mythical,Filter for high identity,0,llama3.2-3b,proteome_discoverer,constrained_filter,2
Identity.Middle,numeric,greater_than,Mythical,Filter for middle identity,0,llama3.2-3b,proteome_discoverer,constrained_filter,2
Delta.Mass.Da,numeric,equals,Mythical,Filter for delta mass Da,0,llama3.2-3b,proteome_discoverer,constrained_filter,2
Confidence.Level,string,equals,High,Filter for high confidence levels,1,llama3.2-3b,proteome_discoverer,constrained_filter,3
PSM.Ambiguity,string,equals,Unambiguous,Filter for unambiguous PSMs,1,llama3.2-3b,proteome_discoverer,constrained_filter,3
Decoy.Peptides.Matched,boolean,not_equals,0,Filter for no matched decoy peptides,1,llama3.2-3b,proteome_discoverer,constrained_filter,3
QuanResultID,null,equals,null,Filter for no quantification results,1,llama3.2-3b,proteome_discoverer,constrained_filter,3
Homology.Threshold,numeric,greater_than,Mythical,Filter for high homology threshold,0,llama3.2-3b,proteome_discoverer,constrained_filter,3
Identity.High,numeric,greater_than,Mythical,Filter for high identity,0,llama3.2-3b,proteome_discoverer,constrained_filter,3
Identity.Middle,numeric,greater_than,Mythical,Filter for middle identity,0,llama3.2-3b,proteome_discoverer,constrained_filter,3
Delta.Mass.Da,numeric,equals,Mythical,Filter for delta mass Da,0,llama3.2-3b,proteome_discoverer,constrained_filter,3
Decoy.Peptide,boolean,equals,FALSE,Filter out decoy peptides,1,llama3.2-3b,metamorpheus,filter_aware,1
Random.RT,boolean,equals,FALSE,Filter out random retention time features,1,llama3.2-3b,metamorpheus,filter_aware,1
Num.Charge.States.Observed,string,contains,3,Filter out features with more than 3 charge states,0.8,llama3.2-3b,metamorpheus,filter_aware,1
PSMs.Mapped,string,contains,11,Filter out features with less than 11 mapped peptides,0.8,llama3.2-3b,metamorpheus,filter_aware,1
Peak.Detection.Type,string,equals,MSMS,Filter out features with non-MSMS detection type,0.8,llama3.2-3b,metamorpheus,filter_aware,1
Decoy.Peptide,boolean,equals,FALSE,Filter out decoy peptides,1,llama3.2-3b,metamorpheus,filter_aware,2
Random.RT,boolean,equals,FALSE,Filter out random retention time features,1,llama3.2-3b,metamorpheus,filter_aware,2
Num.Charge.States.Observed,string,contains,3,Filter out features with more than 3 charge states,0.8,llama3.2-3b,metamorpheus,filter_aware,2
PSMs.Mapped,string,contains,11,Filter out features with less than 11 mapped peptides,0.8,llama3.2-3b,metamorpheus,filter_aware,2
Peak.Detection.Type,string,equals,MSMS,Filter out features with non-MSMS detection type,0.8,llama3.2-3b,metamorpheus,filter_aware,2
Decoy.Peptide,boolean,equals,FALSE,Filter out decoy peptides,1,llama3.2-3b,metamorpheus,filter_aware,3
Random.RT,boolean,equals,FALSE,Filter out random retention time features,1,llama3.2-3b,metamorpheus,filter_aware,3
Num.Charge.States.Observed,string,contains,3,Filter out features with more than 3 charge states,0.8,llama3.2-3b,metamorpheus,filter_aware,3
PSMs.Mapped,string,contains,11,Filter out features with less than 11 mapped peptides,0.8,llama3.2-3b,metamorpheus,filter_aware,3
Peak.Detection.Type,string,equals,MSMS,Filter out features with non-MSMS detection type,0.8,llama3.2-3b,metamorpheus,filter_aware,3
Decoy.Peptide,boolean,equals,FALSE,Decoy peptide flag,1,llama3.2-3b,metamorpheus,constrained_filter,1
Random.RT,boolean,equals,FALSE,Random retention time flag,1,llama3.2-3b,metamorpheus,constrained_filter,1
Peak.Detection.Type,string,equals,MSMS,Detection type,0.8,llama3.2-3b,metamorpheus,constrained_filter,1
Num.Charge.States.Observed,numeric,greater_than,> 1,Number of charge states observed,0.8,llama3.2-3b,metamorpheus,constrained_filter,1
Peak.Apex.Mass.Error.ppm,numeric,greater_than,> 2,Mass error at apex,0.8,llama3.2-3b,metamorpheus,constrained_filter,1
Decoy.Peptide,boolean,equals,FALSE,Decoy peptide flag,1,llama3.2-3b,metamorpheus,constrained_filter,2
Random.RT,boolean,equals,FALSE,Random retention time flag,1,llama3.2-3b,metamorpheus,constrained_filter,2
Peak.Detection.Type,string,equals,MSMS,Detection type,0.8,llama3.2-3b,metamorpheus,constrained_filter,2
Num.Charge.States.Observed,numeric,greater_than,> 1,Number of charge states observed,0.8,llama3.2-3b,metamorpheus,constrained_filter,2
Peak.Apex.Mass.Error.ppm,numeric,greater_than,> 2,Mass error at apex,0.8,llama3.2-3b,metamorpheus,constrained_filter,2
Decoy.Peptide,boolean,equals,FALSE,Decoy peptide flag,1,llama3.2-3b,metamorpheus,constrained_filter,3
Random.RT,boolean,equals,FALSE,Random retention time flag,1,llama3.2-3b,metamorpheus,constrained_filter,3
Peak.Detection.Type,string,equals,MSMS,Detection type,0.8,llama3.2-3b,metamorpheus,constrained_filter,3
Num.Charge.States.Observed,numeric,greater_than,> 1,Number of charge states observed,0.8,llama3.2-3b,metamorpheus,constrained_filter,3
Peak.Apex.Mass.Error.ppm,numeric,greater_than,> 2,Mass error at apex,0.8,llama3.2-3b,metamorpheus,constrained_filter,3
F.ExcludedFromQuantification,boolean,equals,FALSE,Exclude features flagged as excluded from quantification,0.9,llama3.1-8b,spectronaut,filter_aware,1
F.FrgLossType,string,equals,noloss,Keep only 'noloss' fragments,0.8,llama3.1-8b,spectronaut,filter_aware,1
F.ExcludedFromQuantification,boolean,equals,FALSE,Exclude features flagged as excluded from quantification,0.9,llama3.1-8b,spectronaut,filter_aware,2
F.FrgLossType,string,equals,noloss,Keep only 'noloss' fragments,0.8,llama3.1-8b,spectronaut,filter_aware,2
F.ExcludedFromQuantification,boolean,equals,FALSE,Exclude features flagged as excluded from quantification,0.9,llama3.1-8b,spectronaut,filter_aware,3
F.FrgLossType,string,equals,noloss,Keep only 'noloss' fragments,0.8,llama3.1-8b,spectronaut,filter_aware,3
F.ExcludedFromQuantification,boolean,equals,FALSE,Exclude features from quantification,0.9,llama3.1-8b,spectronaut,constrained_filter,1
F.FrgLossType,string,equals,noloss,Keep only 'noloss' fragments,0.9,llama3.1-8b,spectronaut,constrained_filter,1
EG.Qvalue,numeric,less_than,E-07,Filter out low-confidence peptides,0.8,llama3.1-8b,spectronaut,constrained_filter,1
F.ExcludedFromQuantification,boolean,equals,FALSE,Exclude features from quantification,0.9,llama3.1-8b,spectronaut,constrained_filter,2
F.FrgLossType,string,equals,noloss,Keep only 'noloss' fragments,0.9,llama3.1-8b,spectronaut,constrained_filter,2
EG.Qvalue,numeric,less_than,E-07,Filter out low-confidence peptides,0.8,llama3.1-8b,spectronaut,constrained_filter,2
F.ExcludedFromQuantification,boolean,equals,FALSE,Exclude features from quantification,0.9,llama3.1-8b,spectronaut,constrained_filter,3
F.FrgLossType,string,equals,noloss,Keep only 'noloss' fragments,0.9,llama3.1-8b,spectronaut,constrained_filter,3
EG.Qvalue,numeric,less_than,E-07,Filter out low-confidence peptides,0.8,llama3.1-8b,spectronaut,constrained_filter,3
Decoy.Peptides.Matched,boolean,equals,True,Remove decoy peptides,0.9,llama3.1-8b,proteome_discoverer,filter_aware,1
QuanResultID,boolean,not_equals,True,Remove quantification results,0.8,llama3.1-8b,proteome_discoverer,filter_aware,1
Exp.Value,numeric,less_than,Some threshold,Filter out low-confidence peptides,0.7,llama3.1-8b,proteome_discoverer,filter_aware,1
Decoy.Peptides.Matched,boolean,equals,True,Remove decoy peptides,0.9,llama3.1-8b,proteome_discoverer,filter_aware,2
QuanResultID,boolean,not_equals,True,Remove quantification results,0.8,llama3.1-8b,proteome_discoverer,filter_aware,2
Exp.Value,numeric,less_than,Some threshold,Filter out low-confidence peptides,0.7,llama3.1-8b,proteome_discoverer,filter_aware,2
Decoy.Peptides.Matched,boolean,equals,True,Remove decoy peptides,0.9,llama3.1-8b,proteome_discoverer,filter_aware,3
QuanResultID,boolean,not_equals,True,Remove quantification results,0.8,llama3.1-8b,proteome_discoverer,filter_aware,3
Exp.Value,numeric,less_than,Some threshold,Filter out low-confidence peptides,0.7,llama3.1-8b,proteome_discoverer,filter_aware,3
Decoy.Peptides.Matched,boolean,equals,True,Remove decoy peptides,1,llama3.1-8b,proteome_discoverer,constrained_filter,1
Exp.Value,numeric,less_than,x,Filter out low-confidence peptides,0.8,llama3.1-8b,proteome_discoverer,constrained_filter,1
Homology.Threshold,numeric,greater_than,x,Filter out peptides with low homology,0.8,llama3.1-8b,proteome_discoverer,constrained_filter,1
Identity.High,numeric,greater_than,x,Filter out peptides with low identity,0.8,llama3.1-8b,proteome_discoverer,constrained_filter,1
IonScore,numeric,greater_than,x,Filter out peptides with low ion score,0.8,llama3.1-8b,proteome_discoverer,constrained_filter,1
Peptides.Matched,numeric,greater_than,x,Filter out peptides with low match count,0.8,llama3.1-8b,proteome_discoverer,constrained_filter,1
Isolation.Interference,numeric,less_than,x,Filter out peptides with high interference,0.8,llama3.1-8b,proteome_discoverer,constrained_filter,1
Ion.Inject.Time.ms,numeric,less_than,x,Filter out peptides with high injection time,0.8,llama3.1-8b,proteome_discoverer,constrained_filter,1
Decoy.Peptides.Matched,boolean,equals,True,Remove decoy peptides,1,llama3.1-8b,proteome_discoverer,constrained_filter,2
Exp.Value,numeric,less_than,x,Filter out low-confidence peptides,0.8,llama3.1-8b,proteome_discoverer,constrained_filter,2
Homology.Threshold,numeric,greater_than,x,Filter out peptides with low homology,0.8,llama3.1-8b,proteome_discoverer,constrained_filter,2
Identity.High,numeric,greater_than,x,Filter out peptides with low identity,0.8,llama3.1-8b,proteome_discoverer,constrained_filter,2
IonScore,numeric,greater_than,x,Filter out peptides with low ion score,0.8,llama3.1-8b,proteome_discoverer,constrained_filter,2
Peptides.Matched,numeric,greater_than,x,Filter out peptides with low match count,0.8,llama3.1-8b,proteome_discoverer,constrained_filter,2
Isolation.Interference,numeric,less_than,x,Filter out peptides with high interference,0.8,llama3.1-8b,proteome_discoverer,constrained_filter,2
Ion.Inject.Time.ms,numeric,less_than,x,Filter out peptides with high injection time,0.8,llama3.1-8b,proteome_discoverer,constrained_filter,2
Decoy.Peptides.Matched,boolean,equals,True,Remove decoy peptides,1,llama3.1-8b,proteome_discoverer,constrained_filter,3
Exp.Value,numeric,less_than,x,Filter out low-confidence peptides,0.8,llama3.1-8b,proteome_discoverer,constrained_filter,3
Homology.Threshold,numeric,greater_than,x,Filter out peptides with low homology,0.8,llama3.1-8b,proteome_discoverer,constrained_filter,3
Identity.High,numeric,greater_than,x,Filter out peptides with low identity,0.8,llama3.1-8b,proteome_discoverer,constrained_filter,3
IonScore,numeric,greater_than,x,Filter out peptides with low ion score,0.8,llama3.1-8b,proteome_discoverer,constrained_filter,3
Peptides.Matched,numeric,greater_than,x,Filter out peptides with low match count,0.8,llama3.1-8b,proteome_discoverer,constrained_filter,3
Isolation.Interference,numeric,less_than,x,Filter out peptides with high interference,0.8,llama3.1-8b,proteome_discoverer,constrained_filter,3
Ion.Inject.Time.ms,numeric,less_than,x,Filter out peptides with high injection time,0.8,llama3.1-8b,proteome_discoverer,constrained_filter,3
Decoy.Peptide,boolean,equals,FALSE,Remove decoy peptides,0.9,llama3.1-8b,metamorpheus,filter_aware,1
Random.RT,boolean,equals,FALSE,Remove random RT features,0.9,llama3.1-8b,metamorpheus,filter_aware,1
Decoy.Peptide,boolean,equals,FALSE,Remove decoy peptides,0.9,llama3.1-8b,metamorpheus,filter_aware,2
Random.RT,boolean,equals,FALSE,Remove random RT features,0.9,llama3.1-8b,metamorpheus,filter_aware,2
Decoy.Peptide,boolean,equals,FALSE,Remove decoy peptides,0.9,llama3.1-8b,metamorpheus,filter_aware,3
Random.RT,boolean,equals,FALSE,Remove random RT features,0.9,llama3.1-8b,metamorpheus,filter_aware,3
Decoy.Peptide,boolean,equals,FALSE,Decoy peptide filter,0.98,llama3.1-8b,metamorpheus,constrained_filter,1
Random.RT,boolean,equals,FALSE,Random RT filter,0.98,llama3.1-8b,metamorpheus,constrained_filter,1
Decoy.Peptide,boolean,equals,FALSE,Decoy peptide filter,0.98,llama3.1-8b,metamorpheus,constrained_filter,2
Random.RT,boolean,equals,FALSE,Random RT filter,0.98,llama3.1-8b,metamorpheus,constrained_filter,2
Decoy.Peptide,boolean,equals,FALSE,Decoy peptide filter,0.98,llama3.1-8b,metamorpheus,constrained_filter,3
Random.RT,boolean,equals,FALSE,Random RT filter,0.98,llama3.1-8b,metamorpheus,constrained_filter,3
F.ExcludedFromQuantification,boolean,equals,FALSE,Filter out features excluded from quantification.,0.9,deepseek-r1-14b,spectronaut,filter_aware,1
F.FrgLossType,string,equals,noloss,Keep only fragments with no loss.,0.9,deepseek-r1-14b,spectronaut,filter_aware,1
F.ExcludedFromQuantification,boolean,equals,FALSE,Filter out features excluded from quantification.,0.9,deepseek-r1-14b,spectronaut,filter_aware,2
F.FrgLossType,string,equals,noloss,Keep only fragments with no loss.,0.9,deepseek-r1-14b,spectronaut,filter_aware,2
F.ExcludedFromQuantification,boolean,equals,FALSE,Filter out features excluded from quantification.,0.9,deepseek-r1-14b,spectronaut,filter_aware,3
F.FrgLossType,string,equals,noloss,Keep only fragments with no loss.,0.9,deepseek-r1-14b,spectronaut,filter_aware,3
F.ExcludedFromQuantification,boolean,equals,FALSE,Filter out features excluded from quantification to ensure only reliable data is analyzed.,0.92,deepseek-r1-14b,spectronaut,constrained_filter,1
F.ExcludedFromQuantification,boolean,equals,FALSE,Filter out features excluded from quantification to ensure only reliable data is analyzed.,0.92,deepseek-r1-14b,spectronaut,constrained_filter,2
F.ExcludedFromQuantification,boolean,equals,FALSE,Filter out features excluded from quantification to ensure only reliable data is analyzed.,0.92,deepseek-r1-14b,spectronaut,constrained_filter,3
Decoy.Peptides.Matched,numeric,equals,"",Filter out decoy peptides to ensure only true positives are included.,0.9,deepseek-r1-14b,proteome_discoverer,filter_aware,1
PSM.Ambiguity,string,equals,Unambiguous,Ensure only unambiguous PSMs are included for reliable quantification.,0.85,deepseek-r1-14b,proteome_discoverer,filter_aware,1
X.Missed.Cleavages,numeric,equals,"",Filter out peptides with missed cleavages to maintain data quality.,0.85,deepseek-r1-14b,proteome_discoverer,filter_aware,1
IonScore,numeric,greater_than,"",Filter out low-quality identifications based on IonScore threshold.,0.8,deepseek-r1-14b,proteome_discoverer,filter_aware,1
Decoy.Peptides.Matched,numeric,equals,"",Filter out decoy peptides to ensure only true positives are included.,0.9,deepseek-r1-14b,proteome_discoverer,filter_aware,2
PSM.Ambiguity,string,equals,Unambiguous,Ensure only unambiguous PSMs are included for reliable quantification.,0.85,deepseek-r1-14b,proteome_discoverer,filter_aware,2
X.Missed.Cleavages,numeric,equals,"",Filter out peptides with missed cleavages to maintain data quality.,0.85,deepseek-r1-14b,proteome_discoverer,filter_aware,2
IonScore,numeric,greater_than,"",Filter out low-quality identifications based on IonScore threshold.,0.8,deepseek-r1-14b,proteome_discoverer,filter_aware,2
Decoy.Peptides.Matched,numeric,equals,"",Filter out decoy peptides to ensure only true positives are included.,0.9,deepseek-r1-14b,proteome_discoverer,filter_aware,3
PSM.Ambiguity,string,equals,Unambiguous,Ensure only unambiguous PSMs are included for reliable quantification.,0.85,deepseek-r1-14b,proteome_discoverer,filter_aware,3
X.Missed.Cleavages,numeric,equals,"",Filter out peptides with missed cleavages to maintain data quality.,0.85,deepseek-r1-14b,proteome_discoverer,filter_aware,3
IonScore,numeric,greater_than,"",Filter out low-quality identifications based on IonScore threshold.,0.8,deepseek-r1-14b,proteome_discoverer,filter_aware,3
,,,,,,deepseek-r1-14b,proteome_discoverer,constrained_filter,1
,,,,,,deepseek-r1-14b,proteome_discoverer,constrained_filter,1
,,,,,,deepseek-r1-14b,proteome_discoverer,constrained_filter,1
,,,,,,deepseek-r1-14b,proteome_discoverer,constrained_filter,1
,,,,,,deepseek-r1-14b,proteome_discoverer,constrained_filter,1
,,,,,,deepseek-r1-14b,proteome_discoverer,constrained_filter,1
,,,,,,deepseek-r1-14b,proteome_discoverer,constrained_filter,2
,,,,,,deepseek-r1-14b,proteome_discoverer,constrained_filter,2
,,,,,,deepseek-r1-14b,proteome_discoverer,constrained_filter,2
,,,,,,deepseek-r1-14b,proteome_discoverer,constrained_filter,2
,,,,,,deepseek-r1-14b,proteome_discoverer,constrained_filter,2
,,,,,,deepseek-r1-14b,proteome_discoverer,constrained_filter,2
,,,,,,deepseek-r1-14b,proteome_discoverer,constrained_filter,3
,,,,,,deepseek-r1-14b,proteome_discoverer,constrained_filter,3
,,,,,,deepseek-r1-14b,proteome_discoverer,constrained_filter,3
,,,,,,deepseek-r1-14b,proteome_discoverer,constrained_filter,3
,,,,,,deepseek-r1-14b,proteome_discoverer,constrained_filter,3
,,,,,,deepseek-r1-14b,proteome_discoverer,constrained_filter,3
