ts,model,tool,prompt,condition,rep,exact,acceptable,candidates,n_fields,elapsed_sec,mapping,error
2026-09-26T12:08:18,llama3.2-3b,spectronaut,constrained,cold,1,3,6,0,8,21.86,ProteinName=PG.ProteinAccessions|PeptideSequence=PEP.StrippedSequence|PrecursorCharge=FG.Charge|FragmentIon=F.FrgIon|ProductCharge=FG.Charge|Run=R.FileName|Intensity=F.NormalizedPeakArea|Qvalue=PG.Qvalue,
2026-09-26T12:08:36,llama3.2-3b,spectronaut,constrained,cold,2,3,6,0,8,14.93,ProteinName=PG.ProteinAccessions|PeptideSequence=PEP.StrippedSequence|PrecursorCharge=FG.Charge|FragmentIon=F.FrgIon|ProductCharge=FG.Charge|Run=R.FileName|Intensity=F.NormalizedPeakArea|Qvalue=PG.Qvalue,
2026-09-26T12:08:49,llama3.2-3b,spectronaut,constrained,warm,1,3,6,0,8,6.49,ProteinName=PG.ProteinAccessions|PeptideSequence=PEP.StrippedSequence|PrecursorCharge=FG.Charge|FragmentIon=F.FrgIon|ProductCharge=FG.Charge|Run=R.FileName|Intensity=F.NormalizedPeakArea|Qvalue=PG.Qvalue,
2026-09-26T12:08:56,llama3.2-3b,spectronaut,constrained,warm,2,3,6,0,8,6.28,ProteinName=PG.ProteinAccessions|PeptideSequence=PEP.StrippedSequence|PrecursorCharge=FG.Charge|FragmentIon=F.FrgIon|ProductCharge=FG.Charge|Run=R.FileName|Intensity=F.NormalizedPeakArea|Qvalue=PG.Qvalue,
2026-09-26T12:09:11,llama3.2-3b,spectronaut,constrained,reset,1,3,6,0,8,7.01,ProteinName=PG.ProteinAccessions|PeptideSequence=PEP.StrippedSequence|PrecursorCharge=FG.Charge|FragmentIon=F.FrgIon|ProductCharge=FG.Charge|Run=R.FileName|Intensity=F.NormalizedPeakArea|Qvalue=PG.Qvalue,
2026-09-26T12:09:18,llama3.2-3b,spectronaut,constrained,reset,2,3,6,0,8,6.46,ProteinName=PG.ProteinAccessions|PeptideSequence=PEP.StrippedSequence|PrecursorCharge=FG.Charge|FragmentIon=F.FrgIon|ProductCharge=FG.Charge|Run=R.FileName|Intensity=F.NormalizedPeakArea|Qvalue=PG.Qvalue,
2026-09-26T12:10:19,deepseek-r1-14b,proteome_discoverer,constrained,cold,1,6,7,0,8,59.12,ProteinName=Protein.Group.Accessions|PeptideSequence=Sequence|PrecursorCharge=Charge|FragmentIon=null|ProductCharge=null|Run=Spectrum.File|Intensity=Intensity|Qvalue=Exp.Value,
2026-09-26T12:10:55,deepseek-r1-14b,proteome_discoverer,constrained,cold,2,6,7,0,8,33.61,ProteinName=Protein.Group.Accessions|PeptideSequence=Sequence|PrecursorCharge=Charge|FragmentIon=null|ProductCharge=null|Run=Spectrum.File|Intensity=Intensity|Qvalue=Exp.Value,
2026-09-26T12:11:36,deepseek-r1-14b,proteome_discoverer,constrained,warm,1,6,7,0,8,20.9,ProteinName=Protein.Group.Accessions|PeptideSequence=Sequence|PrecursorCharge=Charge|FragmentIon=null|ProductCharge=null|Run=Spectrum.File|Intensity=Intensity|Qvalue=Exp.Value,
2026-09-26T12:11:56,deepseek-r1-14b,proteome_discoverer,constrained,warm,2,6,7,0,8,20.02,ProteinName=Protein.Group.Accessions|PeptideSequence=Sequence|PrecursorCharge=Charge|FragmentIon=null|ProductCharge=null|Run=Spectrum.File|Intensity=Intensity|Qvalue=Exp.Value,
2026-09-26T12:12:41,deepseek-r1-14b,proteome_discoverer,constrained,reset,1,6,7,0,8,20.65,ProteinName=Protein.Group.Accessions|PeptideSequence=Sequence|PrecursorCharge=Charge|FragmentIon=null|ProductCharge=null|Run=Spectrum.File|Intensity=Intensity|Qvalue=Exp.Value,
2026-09-26T12:13:02,deepseek-r1-14b,proteome_discoverer,constrained,reset,2,6,7,0,8,20.48,ProteinName=Protein.Group.Accessions|PeptideSequence=Sequence|PrecursorCharge=Charge|FragmentIon=null|ProductCharge=null|Run=Spectrum.File|Intensity=Intensity|Qvalue=Exp.Value,
2026-09-26T13:18:57,llama3.2-3b,spectronaut,constrained,cold,3,3,6,0,8,14.96,ProteinName=PG.ProteinAccessions|PeptideSequence=PEP.StrippedSequence|PrecursorCharge=FG.Charge|FragmentIon=F.FrgIon|ProductCharge=FG.Charge|Run=R.FileName|Intensity=F.NormalizedPeakArea|Qvalue=PG.Qvalue,
2026-09-26T13:19:14,llama3.2-3b,spectronaut,constrained,cold,4,3,6,0,8,14.33,ProteinName=PG.ProteinAccessions|PeptideSequence=PEP.StrippedSequence|PrecursorCharge=FG.Charge|FragmentIon=F.FrgIon|ProductCharge=FG.Charge|Run=R.FileName|Intensity=F.NormalizedPeakArea|Qvalue=PG.Qvalue,
2026-09-26T13:19:31,llama3.2-3b,spectronaut,constrained,cold,5,3,6,0,8,14.91,ProteinName=PG.ProteinAccessions|PeptideSequence=PEP.StrippedSequence|PrecursorCharge=FG.Charge|FragmentIon=F.FrgIon|ProductCharge=FG.Charge|Run=R.FileName|Intensity=F.NormalizedPeakArea|Qvalue=PG.Qvalue,
2026-09-26T13:19:48,llama3.2-3b,spectronaut,constrained,cold,6,3,6,0,8,14.77,ProteinName=PG.ProteinAccessions|PeptideSequence=PEP.StrippedSequence|PrecursorCharge=FG.Charge|FragmentIon=F.FrgIon|ProductCharge=FG.Charge|Run=R.FileName|Intensity=F.NormalizedPeakArea|Qvalue=PG.Qvalue,
2026-09-26T13:20:05,llama3.2-3b,spectronaut,constrained,cold,7,3,6,0,8,14.75,ProteinName=PG.ProteinAccessions|PeptideSequence=PEP.StrippedSequence|PrecursorCharge=FG.Charge|FragmentIon=F.FrgIon|ProductCharge=FG.Charge|Run=R.FileName|Intensity=F.NormalizedPeakArea|Qvalue=PG.Qvalue,
2026-09-26T13:20:23,llama3.2-3b,spectronaut,constrained,cold,8,3,6,0,8,16.23,ProteinName=PG.ProteinAccessions|PeptideSequence=PEP.StrippedSequence|PrecursorCharge=FG.Charge|FragmentIon=F.FrgIon|ProductCharge=FG.Charge|Run=R.FileName|Intensity=F.NormalizedPeakArea|Qvalue=PG.Qvalue,
2026-09-26T13:20:40,llama3.2-3b,spectronaut,constrained,cold,9,3,6,0,8,15.25,ProteinName=PG.ProteinAccessions|PeptideSequence=PEP.StrippedSequence|PrecursorCharge=FG.Charge|FragmentIon=F.FrgIon|ProductCharge=FG.Charge|Run=R.FileName|Intensity=F.NormalizedPeakArea|Qvalue=PG.Qvalue,
2026-09-26T13:20:58,llama3.2-3b,spectronaut,constrained,cold,10,3,6,0,8,15.32,ProteinName=PG.ProteinAccessions|PeptideSequence=PEP.StrippedSequence|PrecursorCharge=FG.Charge|FragmentIon=F.FrgIon|ProductCharge=FG.Charge|Run=R.FileName|Intensity=F.NormalizedPeakArea|Qvalue=PG.Qvalue,
2026-09-26T13:21:15,llama3.2-3b,spectronaut,constrained,cold,11,3,6,0,8,15.25,ProteinName=PG.ProteinAccessions|PeptideSequence=PEP.StrippedSequence|PrecursorCharge=FG.Charge|FragmentIon=F.FrgIon|ProductCharge=FG.Charge|Run=R.FileName|Intensity=F.NormalizedPeakArea|Qvalue=PG.Qvalue,
2026-09-26T13:21:32,llama3.2-3b,spectronaut,constrained,cold,12,3,6,0,8,14.54,ProteinName=PG.ProteinAccessions|PeptideSequence=PEP.StrippedSequence|PrecursorCharge=FG.Charge|FragmentIon=F.FrgIon|ProductCharge=FG.Charge|Run=R.FileName|Intensity=F.NormalizedPeakArea|Qvalue=PG.Qvalue,
2026-09-26T13:21:50,llama3.2-3b,spectronaut,constrained,cold,13,3,6,0,8,15.3,ProteinName=PG.ProteinAccessions|PeptideSequence=PEP.StrippedSequence|PrecursorCharge=FG.Charge|FragmentIon=F.FrgIon|ProductCharge=FG.Charge|Run=R.FileName|Intensity=F.NormalizedPeakArea|Qvalue=PG.Qvalue,
2026-09-26T13:22:08,llama3.2-3b,spectronaut,constrained,cold,14,3,6,0,8,15.76,ProteinName=PG.ProteinAccessions|PeptideSequence=PEP.StrippedSequence|PrecursorCharge=FG.Charge|FragmentIon=F.FrgIon|ProductCharge=FG.Charge|Run=R.FileName|Intensity=F.NormalizedPeakArea|Qvalue=PG.Qvalue,
2026-09-26T13:22:25,llama3.2-3b,spectronaut,constrained,cold,15,3,6,0,8,15.29,ProteinName=PG.ProteinAccessions|PeptideSequence=PEP.StrippedSequence|PrecursorCharge=FG.Charge|FragmentIon=F.FrgIon|ProductCharge=FG.Charge|Run=R.FileName|Intensity=F.NormalizedPeakArea|Qvalue=PG.Qvalue,
2026-09-26T13:22:43,llama3.2-3b,spectronaut,constrained,cold,16,3,6,0,8,15.17,ProteinName=PG.ProteinAccessions|PeptideSequence=PEP.StrippedSequence|PrecursorCharge=FG.Charge|FragmentIon=F.FrgIon|ProductCharge=FG.Charge|Run=R.FileName|Intensity=F.NormalizedPeakArea|Qvalue=PG.Qvalue,
2026-09-26T13:23:01,llama3.2-3b,spectronaut,constrained,cold,17,3,6,0,8,15.78,ProteinName=PG.ProteinAccessions|PeptideSequence=PEP.StrippedSequence|PrecursorCharge=FG.Charge|FragmentIon=F.FrgIon|ProductCharge=FG.Charge|Run=R.FileName|Intensity=F.NormalizedPeakArea|Qvalue=PG.Qvalue,
2026-09-26T13:23:18,llama3.2-3b,spectronaut,constrained,cold,18,3,6,0,8,14.92,ProteinName=PG.ProteinAccessions|PeptideSequence=PEP.StrippedSequence|PrecursorCharge=FG.Charge|FragmentIon=F.FrgIon|ProductCharge=FG.Charge|Run=R.FileName|Intensity=F.NormalizedPeakArea|Qvalue=PG.Qvalue,
2026-09-26T13:23:36,llama3.2-3b,spectronaut,constrained,cold,19,3,6,0,8,15.99,ProteinName=PG.ProteinAccessions|PeptideSequence=PEP.StrippedSequence|PrecursorCharge=FG.Charge|FragmentIon=F.FrgIon|ProductCharge=FG.Charge|Run=R.FileName|Intensity=F.NormalizedPeakArea|Qvalue=PG.Qvalue,
2026-09-26T13:23:53,llama3.2-3b,spectronaut,constrained,cold,20,3,6,0,8,15.32,ProteinName=PG.ProteinAccessions|PeptideSequence=PEP.StrippedSequence|PrecursorCharge=FG.Charge|FragmentIon=F.FrgIon|ProductCharge=FG.Charge|Run=R.FileName|Intensity=F.NormalizedPeakArea|Qvalue=PG.Qvalue,
2026-09-26T13:24:11,llama3.2-3b,spectronaut,constrained,cold,21,3,6,0,8,15.32,ProteinName=PG.ProteinAccessions|PeptideSequence=PEP.StrippedSequence|PrecursorCharge=FG.Charge|FragmentIon=F.FrgIon|ProductCharge=FG.Charge|Run=R.FileName|Intensity=F.NormalizedPeakArea|Qvalue=PG.Qvalue,
2026-09-26T13:24:30,llama3.2-3b,spectronaut,constrained,cold,22,3,6,0,8,16.68,ProteinName=PG.ProteinAccessions|PeptideSequence=PEP.StrippedSequence|PrecursorCharge=FG.Charge|FragmentIon=F.FrgIon|ProductCharge=FG.Charge|Run=R.FileName|Intensity=F.NormalizedPeakArea|Qvalue=PG.Qvalue,
2026-09-26T13:24:46,llama3.2-3b,spectronaut,constrained,cold,23,3,6,0,8,14.34,ProteinName=PG.ProteinAccessions|PeptideSequence=PEP.StrippedSequence|PrecursorCharge=FG.Charge|FragmentIon=F.FrgIon|ProductCharge=FG.Charge|Run=R.FileName|Intensity=F.NormalizedPeakArea|Qvalue=PG.Qvalue,
2026-09-26T13:25:04,llama3.2-3b,spectronaut,constrained,cold,24,3,6,0,8,15.59,ProteinName=PG.ProteinAccessions|PeptideSequence=PEP.StrippedSequence|PrecursorCharge=FG.Charge|FragmentIon=F.FrgIon|ProductCharge=FG.Charge|Run=R.FileName|Intensity=F.NormalizedPeakArea|Qvalue=PG.Qvalue,
2026-09-26T13:25:21,llama3.2-3b,spectronaut,constrained,cold,25,3,6,0,8,14.94,ProteinName=PG.ProteinAccessions|PeptideSequence=PEP.StrippedSequence|PrecursorCharge=FG.Charge|FragmentIon=F.FrgIon|ProductCharge=FG.Charge|Run=R.FileName|Intensity=F.NormalizedPeakArea|Qvalue=PG.Qvalue,
2026-09-26T13:25:39,llama3.2-3b,spectronaut,constrained,cold,26,3,6,0,8,15.08,ProteinName=PG.ProteinAccessions|PeptideSequence=PEP.StrippedSequence|PrecursorCharge=FG.Charge|FragmentIon=F.FrgIon|ProductCharge=FG.Charge|Run=R.FileName|Intensity=F.NormalizedPeakArea|Qvalue=PG.Qvalue,
2026-09-26T13:25:56,llama3.2-3b,spectronaut,constrained,cold,27,3,6,0,8,15.29,ProteinName=PG.ProteinAccessions|PeptideSequence=PEP.StrippedSequence|PrecursorCharge=FG.Charge|FragmentIon=F.FrgIon|ProductCharge=FG.Charge|Run=R.FileName|Intensity=F.NormalizedPeakArea|Qvalue=PG.Qvalue,
2026-09-26T13:26:13,llama3.2-3b,spectronaut,constrained,cold,28,3,6,0,8,14.66,ProteinName=PG.ProteinAccessions|PeptideSequence=PEP.StrippedSequence|PrecursorCharge=FG.Charge|FragmentIon=F.FrgIon|ProductCharge=FG.Charge|Run=R.FileName|Intensity=F.NormalizedPeakArea|Qvalue=PG.Qvalue,
2026-09-26T13:26:31,llama3.2-3b,spectronaut,constrained,cold,29,3,6,0,8,15.4,ProteinName=PG.ProteinAccessions|PeptideSequence=PEP.StrippedSequence|PrecursorCharge=FG.Charge|FragmentIon=F.FrgIon|ProductCharge=FG.Charge|Run=R.FileName|Intensity=F.NormalizedPeakArea|Qvalue=PG.Qvalue,
2026-09-26T13:26:47,llama3.2-3b,spectronaut,constrained,cold,30,3,6,0,8,14.45,ProteinName=PG.ProteinAccessions|PeptideSequence=PEP.StrippedSequence|PrecursorCharge=FG.Charge|FragmentIon=F.FrgIon|ProductCharge=FG.Charge|Run=R.FileName|Intensity=F.NormalizedPeakArea|Qvalue=PG.Qvalue,
2026-09-26T13:27:05,llama3.2-3b,spectronaut,constrained,cold,31,3,6,0,8,14.99,ProteinName=PG.ProteinAccessions|PeptideSequence=PEP.StrippedSequence|PrecursorCharge=FG.Charge|FragmentIon=F.FrgIon|ProductCharge=FG.Charge|Run=R.FileName|Intensity=F.NormalizedPeakArea|Qvalue=PG.Qvalue,
2026-09-26T13:27:22,llama3.2-3b,spectronaut,constrained,cold,32,3,6,0,8,15.01,ProteinName=PG.ProteinAccessions|PeptideSequence=PEP.StrippedSequence|PrecursorCharge=FG.Charge|FragmentIon=F.FrgIon|ProductCharge=FG.Charge|Run=R.FileName|Intensity=F.NormalizedPeakArea|Qvalue=PG.Qvalue,
2026-09-26T13:27:39,llama3.2-3b,spectronaut,constrained,cold,33,3,6,0,8,14.67,ProteinName=PG.ProteinAccessions|PeptideSequence=PEP.StrippedSequence|PrecursorCharge=FG.Charge|FragmentIon=F.FrgIon|ProductCharge=FG.Charge|Run=R.FileName|Intensity=F.NormalizedPeakArea|Qvalue=PG.Qvalue,
2026-09-26T13:27:55,llama3.2-3b,spectronaut,constrained,cold,34,3,6,0,8,14.23,ProteinName=PG.ProteinAccessions|PeptideSequence=PEP.StrippedSequence|PrecursorCharge=FG.Charge|FragmentIon=F.FrgIon|ProductCharge=FG.Charge|Run=R.FileName|Intensity=F.NormalizedPeakArea|Qvalue=PG.Qvalue,
2026-09-26T13:28:12,llama3.2-3b,spectronaut,constrained,cold,35,3,6,0,8,14.85,ProteinName=PG.ProteinAccessions|PeptideSequence=PEP.StrippedSequence|PrecursorCharge=FG.Charge|FragmentIon=F.FrgIon|ProductCharge=FG.Charge|Run=R.FileName|Intensity=F.NormalizedPeakArea|Qvalue=PG.Qvalue,
2026-09-26T13:28:29,llama3.2-3b,spectronaut,constrained,cold,36,3,6,0,8,14.83,ProteinName=PG.ProteinAccessions|PeptideSequence=PEP.StrippedSequence|PrecursorCharge=FG.Charge|FragmentIon=F.FrgIon|ProductCharge=FG.Charge|Run=R.FileName|Intensity=F.NormalizedPeakArea|Qvalue=PG.Qvalue,
2026-09-26T13:28:46,llama3.2-3b,spectronaut,constrained,cold,37,3,6,0,8,15,ProteinName=PG.ProteinAccessions|PeptideSequence=PEP.StrippedSequence|PrecursorCharge=FG.Charge|FragmentIon=F.FrgIon|ProductCharge=FG.Charge|Run=R.FileName|Intensity=F.NormalizedPeakArea|Qvalue=PG.Qvalue,
2026-09-26T13:29:04,llama3.2-3b,spectronaut,constrained,cold,38,3,6,0,8,15.36,ProteinName=PG.ProteinAccessions|PeptideSequence=PEP.StrippedSequence|PrecursorCharge=FG.Charge|FragmentIon=F.FrgIon|ProductCharge=FG.Charge|Run=R.FileName|Intensity=F.NormalizedPeakArea|Qvalue=PG.Qvalue,
2026-09-26T13:29:22,llama3.2-3b,spectronaut,constrained,cold,39,3,6,0,8,15.48,ProteinName=PG.ProteinAccessions|PeptideSequence=PEP.StrippedSequence|PrecursorCharge=FG.Charge|FragmentIon=F.FrgIon|ProductCharge=FG.Charge|Run=R.FileName|Intensity=F.NormalizedPeakArea|Qvalue=PG.Qvalue,
2026-09-26T13:29:39,llama3.2-3b,spectronaut,constrained,cold,40,3,6,0,8,15.22,ProteinName=PG.ProteinAccessions|PeptideSequence=PEP.StrippedSequence|PrecursorCharge=FG.Charge|FragmentIon=F.FrgIon|ProductCharge=FG.Charge|Run=R.FileName|Intensity=F.NormalizedPeakArea|Qvalue=PG.Qvalue,
2026-09-26T13:29:57,llama3.2-3b,spectronaut,constrained,cold,41,3,6,0,8,15.37,ProteinName=PG.ProteinAccessions|PeptideSequence=PEP.StrippedSequence|PrecursorCharge=FG.Charge|FragmentIon=F.FrgIon|ProductCharge=FG.Charge|Run=R.FileName|Intensity=F.NormalizedPeakArea|Qvalue=PG.Qvalue,
2026-09-26T13:30:14,llama3.2-3b,spectronaut,constrained,cold,42,3,6,0,8,15.1,ProteinName=PG.ProteinAccessions|PeptideSequence=PEP.StrippedSequence|PrecursorCharge=FG.Charge|FragmentIon=F.FrgIon|ProductCharge=FG.Charge|Run=R.FileName|Intensity=F.NormalizedPeakArea|Qvalue=PG.Qvalue,
2026-09-26T13:30:31,llama3.2-3b,spectronaut,constrained,cold,43,3,6,0,8,14.84,ProteinName=PG.ProteinAccessions|PeptideSequence=PEP.StrippedSequence|PrecursorCharge=FG.Charge|FragmentIon=F.FrgIon|ProductCharge=FG.Charge|Run=R.FileName|Intensity=F.NormalizedPeakArea|Qvalue=PG.Qvalue,
2026-09-26T13:30:48,llama3.2-3b,spectronaut,constrained,cold,44,3,6,0,8,15.17,ProteinName=PG.ProteinAccessions|PeptideSequence=PEP.StrippedSequence|PrecursorCharge=FG.Charge|FragmentIon=F.FrgIon|ProductCharge=FG.Charge|Run=R.FileName|Intensity=F.NormalizedPeakArea|Qvalue=PG.Qvalue,
2026-09-26T13:31:05,llama3.2-3b,spectronaut,constrained,cold,45,3,6,0,8,14.72,ProteinName=PG.ProteinAccessions|PeptideSequence=PEP.StrippedSequence|PrecursorCharge=FG.Charge|FragmentIon=F.FrgIon|ProductCharge=FG.Charge|Run=R.FileName|Intensity=F.NormalizedPeakArea|Qvalue=PG.Qvalue,
2026-09-26T13:31:23,llama3.2-3b,spectronaut,constrained,cold,46,3,6,0,8,15.34,ProteinName=PG.ProteinAccessions|PeptideSequence=PEP.StrippedSequence|PrecursorCharge=FG.Charge|FragmentIon=F.FrgIon|ProductCharge=FG.Charge|Run=R.FileName|Intensity=F.NormalizedPeakArea|Qvalue=PG.Qvalue,
2026-09-26T13:31:39,llama3.2-3b,spectronaut,constrained,cold,47,3,6,0,8,14.52,ProteinName=PG.ProteinAccessions|PeptideSequence=PEP.StrippedSequence|PrecursorCharge=FG.Charge|FragmentIon=F.FrgIon|ProductCharge=FG.Charge|Run=R.FileName|Intensity=F.NormalizedPeakArea|Qvalue=PG.Qvalue,
2026-09-26T13:31:57,llama3.2-3b,spectronaut,constrained,cold,48,3,6,0,8,15.35,ProteinName=PG.ProteinAccessions|PeptideSequence=PEP.StrippedSequence|PrecursorCharge=FG.Charge|FragmentIon=F.FrgIon|ProductCharge=FG.Charge|Run=R.FileName|Intensity=F.NormalizedPeakArea|Qvalue=PG.Qvalue,
2026-09-26T13:32:14,llama3.2-3b,spectronaut,constrained,cold,49,3,6,0,8,15.47,ProteinName=PG.ProteinAccessions|PeptideSequence=PEP.StrippedSequence|PrecursorCharge=FG.Charge|FragmentIon=F.FrgIon|ProductCharge=FG.Charge|Run=R.FileName|Intensity=F.NormalizedPeakArea|Qvalue=PG.Qvalue,
2026-09-26T13:32:32,llama3.2-3b,spectronaut,constrained,cold,50,3,6,0,8,15.33,ProteinName=PG.ProteinAccessions|PeptideSequence=PEP.StrippedSequence|PrecursorCharge=FG.Charge|FragmentIon=F.FrgIon|ProductCharge=FG.Charge|Run=R.FileName|Intensity=F.NormalizedPeakArea|Qvalue=PG.Qvalue,
2026-09-26T13:32:46,llama3.2-3b,spectronaut,constrained,warm,3,3,6,0,8,6.96,ProteinName=PG.ProteinAccessions|PeptideSequence=PEP.StrippedSequence|PrecursorCharge=FG.Charge|FragmentIon=F.FrgIon|ProductCharge=FG.Charge|Run=R.FileName|Intensity=F.NormalizedPeakArea|Qvalue=PG.Qvalue,
2026-09-26T13:32:53,llama3.2-3b,spectronaut,constrained,warm,4,3,6,0,8,6.92,ProteinName=PG.ProteinAccessions|PeptideSequence=PEP.StrippedSequence|PrecursorCharge=FG.Charge|FragmentIon=F.FrgIon|ProductCharge=FG.Charge|Run=R.FileName|Intensity=F.NormalizedPeakArea|Qvalue=PG.Qvalue,
2026-09-26T13:33:00,llama3.2-3b,spectronaut,constrained,warm,5,3,6,0,8,6.81,ProteinName=PG.ProteinAccessions|PeptideSequence=PEP.StrippedSequence|PrecursorCharge=FG.Charge|FragmentIon=F.FrgIon|ProductCharge=FG.Charge|Run=R.FileName|Intensity=F.NormalizedPeakArea|Qvalue=PG.Qvalue,
2026-09-26T13:33:07,llama3.2-3b,spectronaut,constrained,warm,6,3,6,0,8,6.48,ProteinName=PG.ProteinAccessions|PeptideSequence=PEP.StrippedSequence|PrecursorCharge=FG.Charge|FragmentIon=F.FrgIon|ProductCharge=FG.Charge|Run=R.FileName|Intensity=F.NormalizedPeakArea|Qvalue=PG.Qvalue,
2026-09-26T13:33:13,llama3.2-3b,spectronaut,constrained,warm,7,3,6,0,8,6.14,ProteinName=PG.ProteinAccessions|PeptideSequence=PEP.StrippedSequence|PrecursorCharge=FG.Charge|FragmentIon=F.FrgIon|ProductCharge=FG.Charge|Run=R.FileName|Intensity=F.NormalizedPeakArea|Qvalue=PG.Qvalue,
2026-09-26T13:33:19,llama3.2-3b,spectronaut,constrained,warm,8,3,6,0,8,6.24,ProteinName=PG.ProteinAccessions|PeptideSequence=PEP.StrippedSequence|PrecursorCharge=FG.Charge|FragmentIon=F.FrgIon|ProductCharge=FG.Charge|Run=R.FileName|Intensity=F.NormalizedPeakArea|Qvalue=PG.Qvalue,
2026-09-26T13:33:26,llama3.2-3b,spectronaut,constrained,warm,9,3,6,0,8,6.66,ProteinName=PG.ProteinAccessions|PeptideSequence=PEP.StrippedSequence|PrecursorCharge=FG.Charge|FragmentIon=F.FrgIon|ProductCharge=FG.Charge|Run=R.FileName|Intensity=F.NormalizedPeakArea|Qvalue=PG.Qvalue,
2026-09-26T13:33:33,llama3.2-3b,spectronaut,constrained,warm,10,3,6,0,8,6.65,ProteinName=PG.ProteinAccessions|PeptideSequence=PEP.StrippedSequence|PrecursorCharge=FG.Charge|FragmentIon=F.FrgIon|ProductCharge=FG.Charge|Run=R.FileName|Intensity=F.NormalizedPeakArea|Qvalue=PG.Qvalue,
2026-09-26T13:33:40,llama3.2-3b,spectronaut,constrained,warm,11,3,6,0,8,6.66,ProteinName=PG.ProteinAccessions|PeptideSequence=PEP.StrippedSequence|PrecursorCharge=FG.Charge|FragmentIon=F.FrgIon|ProductCharge=FG.Charge|Run=R.FileName|Intensity=F.NormalizedPeakArea|Qvalue=PG.Qvalue,
2026-09-26T13:33:46,llama3.2-3b,spectronaut,constrained,warm,12,3,6,0,8,6.72,ProteinName=PG.ProteinAccessions|PeptideSequence=PEP.StrippedSequence|PrecursorCharge=FG.Charge|FragmentIon=F.FrgIon|ProductCharge=FG.Charge|Run=R.FileName|Intensity=F.NormalizedPeakArea|Qvalue=PG.Qvalue,
2026-09-26T13:33:53,llama3.2-3b,spectronaut,constrained,warm,13,3,6,0,8,6.47,ProteinName=PG.ProteinAccessions|PeptideSequence=PEP.StrippedSequence|PrecursorCharge=FG.Charge|FragmentIon=F.FrgIon|ProductCharge=FG.Charge|Run=R.FileName|Intensity=F.NormalizedPeakArea|Qvalue=PG.Qvalue,
2026-09-26T13:34:00,llama3.2-3b,spectronaut,constrained,warm,14,3,6,0,8,6.43,ProteinName=PG.ProteinAccessions|PeptideSequence=PEP.StrippedSequence|PrecursorCharge=FG.Charge|FragmentIon=F.FrgIon|ProductCharge=FG.Charge|Run=R.FileName|Intensity=F.NormalizedPeakArea|Qvalue=PG.Qvalue,
2026-09-26T13:34:06,llama3.2-3b,spectronaut,constrained,warm,15,3,6,0,8,6.78,ProteinName=PG.ProteinAccessions|PeptideSequence=PEP.StrippedSequence|PrecursorCharge=FG.Charge|FragmentIon=F.FrgIon|ProductCharge=FG.Charge|Run=R.FileName|Intensity=F.NormalizedPeakArea|Qvalue=PG.Qvalue,
2026-09-26T13:34:13,llama3.2-3b,spectronaut,constrained,warm,16,3,6,0,8,6.08,ProteinName=PG.ProteinAccessions|PeptideSequence=PEP.StrippedSequence|PrecursorCharge=FG.Charge|FragmentIon=F.FrgIon|ProductCharge=FG.Charge|Run=R.FileName|Intensity=F.NormalizedPeakArea|Qvalue=PG.Qvalue,
2026-09-26T13:34:20,llama3.2-3b,spectronaut,constrained,warm,17,3,6,0,8,6.83,ProteinName=PG.ProteinAccessions|PeptideSequence=PEP.StrippedSequence|PrecursorCharge=FG.Charge|FragmentIon=F.FrgIon|ProductCharge=FG.Charge|Run=R.FileName|Intensity=F.NormalizedPeakArea|Qvalue=PG.Qvalue,
2026-09-26T13:34:26,llama3.2-3b,spectronaut,constrained,warm,18,3,6,0,8,6.48,ProteinName=PG.ProteinAccessions|PeptideSequence=PEP.StrippedSequence|PrecursorCharge=FG.Charge|FragmentIon=F.FrgIon|ProductCharge=FG.Charge|Run=R.FileName|Intensity=F.NormalizedPeakArea|Qvalue=PG.Qvalue,
2026-09-26T13:34:33,llama3.2-3b,spectronaut,constrained,warm,19,3,6,0,8,6.71,ProteinName=PG.ProteinAccessions|PeptideSequence=PEP.StrippedSequence|PrecursorCharge=FG.Charge|FragmentIon=F.FrgIon|ProductCharge=FG.Charge|Run=R.FileName|Intensity=F.NormalizedPeakArea|Qvalue=PG.Qvalue,
2026-09-26T13:34:40,llama3.2-3b,spectronaut,constrained,warm,20,3,6,0,8,6.56,ProteinName=PG.ProteinAccessions|PeptideSequence=PEP.StrippedSequence|PrecursorCharge=FG.Charge|FragmentIon=F.FrgIon|ProductCharge=FG.Charge|Run=R.FileName|Intensity=F.NormalizedPeakArea|Qvalue=PG.Qvalue,
2026-09-26T13:34:47,llama3.2-3b,spectronaut,constrained,warm,21,3,6,0,8,7.27,ProteinName=PG.ProteinAccessions|PeptideSequence=PEP.StrippedSequence|PrecursorCharge=FG.Charge|FragmentIon=F.FrgIon|ProductCharge=FG.Charge|Run=R.FileName|Intensity=F.NormalizedPeakArea|Qvalue=PG.Qvalue,
2026-09-26T13:34:54,llama3.2-3b,spectronaut,constrained,warm,22,3,6,0,8,6.71,ProteinName=PG.ProteinAccessions|PeptideSequence=PEP.StrippedSequence|PrecursorCharge=FG.Charge|FragmentIon=F.FrgIon|ProductCharge=FG.Charge|Run=R.FileName|Intensity=F.NormalizedPeakArea|Qvalue=PG.Qvalue,
2026-09-26T13:35:01,llama3.2-3b,spectronaut,constrained,warm,23,3,6,0,8,6.58,ProteinName=PG.ProteinAccessions|PeptideSequence=PEP.StrippedSequence|PrecursorCharge=FG.Charge|FragmentIon=F.FrgIon|ProductCharge=FG.Charge|Run=R.FileName|Intensity=F.NormalizedPeakArea|Qvalue=PG.Qvalue,
2026-09-26T13:35:08,llama3.2-3b,spectronaut,constrained,warm,24,3,6,0,8,7.19,ProteinName=PG.ProteinAccessions|PeptideSequence=PEP.StrippedSequence|PrecursorCharge=FG.Charge|FragmentIon=F.FrgIon|ProductCharge=FG.Charge|Run=R.FileName|Intensity=F.NormalizedPeakArea|Qvalue=PG.Qvalue,
2026-09-26T13:35:15,llama3.2-3b,spectronaut,constrained,warm,25,3,6,0,8,7.04,ProteinName=PG.ProteinAccessions|PeptideSequence=PEP.StrippedSequence|PrecursorCharge=FG.Charge|FragmentIon=F.FrgIon|ProductCharge=FG.Charge|Run=R.FileName|Intensity=F.NormalizedPeakArea|Qvalue=PG.Qvalue,
2026-09-26T13:35:22,llama3.2-3b,spectronaut,constrained,warm,26,3,6,0,8,6.78,ProteinName=PG.ProteinAccessions|PeptideSequence=PEP.StrippedSequence|PrecursorCharge=FG.Charge|FragmentIon=F.FrgIon|ProductCharge=FG.Charge|Run=R.FileName|Intensity=F.NormalizedPeakArea|Qvalue=PG.Qvalue,
2026-09-26T13:35:29,llama3.2-3b,spectronaut,constrained,warm,27,3,6,0,8,6.67,ProteinName=PG.ProteinAccessions|PeptideSequence=PEP.StrippedSequence|PrecursorCharge=FG.Charge|FragmentIon=F.FrgIon|ProductCharge=FG.Charge|Run=R.FileName|Intensity=F.NormalizedPeakArea|Qvalue=PG.Qvalue,
2026-09-26T13:35:36,llama3.2-3b,spectronaut,constrained,warm,28,3,6,0,8,6.9,ProteinName=PG.ProteinAccessions|PeptideSequence=PEP.StrippedSequence|PrecursorCharge=FG.Charge|FragmentIon=F.FrgIon|ProductCharge=FG.Charge|Run=R.FileName|Intensity=F.NormalizedPeakArea|Qvalue=PG.Qvalue,
2026-09-26T13:35:42,llama3.2-3b,spectronaut,constrained,warm,29,3,6,0,8,6.4,ProteinName=PG.ProteinAccessions|PeptideSequence=PEP.StrippedSequence|PrecursorCharge=FG.Charge|FragmentIon=F.FrgIon|ProductCharge=FG.Charge|Run=R.FileName|Intensity=F.NormalizedPeakArea|Qvalue=PG.Qvalue,
2026-09-26T13:35:49,llama3.2-3b,spectronaut,constrained,warm,30,3,6,0,8,6.18,ProteinName=PG.ProteinAccessions|PeptideSequence=PEP.StrippedSequence|PrecursorCharge=FG.Charge|FragmentIon=F.FrgIon|ProductCharge=FG.Charge|Run=R.FileName|Intensity=F.NormalizedPeakArea|Qvalue=PG.Qvalue,
2026-09-26T13:35:55,llama3.2-3b,spectronaut,constrained,warm,31,3,6,0,8,6.64,ProteinName=PG.ProteinAccessions|PeptideSequence=PEP.StrippedSequence|PrecursorCharge=FG.Charge|FragmentIon=F.FrgIon|ProductCharge=FG.Charge|Run=R.FileName|Intensity=F.NormalizedPeakArea|Qvalue=PG.Qvalue,
2026-09-26T13:36:02,llama3.2-3b,spectronaut,constrained,warm,32,3,6,0,8,6.64,ProteinName=PG.ProteinAccessions|PeptideSequence=PEP.StrippedSequence|PrecursorCharge=FG.Charge|FragmentIon=F.FrgIon|ProductCharge=FG.Charge|Run=R.FileName|Intensity=F.NormalizedPeakArea|Qvalue=PG.Qvalue,
2026-09-26T13:36:09,llama3.2-3b,spectronaut,constrained,warm,33,3,6,0,8,6.58,ProteinName=PG.ProteinAccessions|PeptideSequence=PEP.StrippedSequence|PrecursorCharge=FG.Charge|FragmentIon=F.FrgIon|ProductCharge=FG.Charge|Run=R.FileName|Intensity=F.NormalizedPeakArea|Qvalue=PG.Qvalue,
2026-09-26T13:36:16,llama3.2-3b,spectronaut,constrained,warm,34,3,6,0,8,6.78,ProteinName=PG.ProteinAccessions|PeptideSequence=PEP.StrippedSequence|PrecursorCharge=FG.Charge|FragmentIon=F.FrgIon|ProductCharge=FG.Charge|Run=R.FileName|Intensity=F.NormalizedPeakArea|Qvalue=PG.Qvalue,
2026-09-26T13:36:22,llama3.2-3b,spectronaut,constrained,warm,35,3,6,0,8,6.64,ProteinName=PG.ProteinAccessions|PeptideSequence=PEP.StrippedSequence|PrecursorCharge=FG.Charge|FragmentIon=F.FrgIon|ProductCharge=FG.Charge|Run=R.FileName|Intensity=F.NormalizedPeakArea|Qvalue=PG.Qvalue,
2026-09-26T13:36:30,llama3.2-3b,spectronaut,constrained,warm,36,3,6,0,8,7.18,ProteinName=PG.ProteinAccessions|PeptideSequence=PEP.StrippedSequence|PrecursorCharge=FG.Charge|FragmentIon=F.FrgIon|ProductCharge=FG.Charge|Run=R.FileName|Intensity=F.NormalizedPeakArea|Qvalue=PG.Qvalue,
2026-09-26T13:36:37,llama3.2-3b,spectronaut,constrained,warm,37,3,6,0,8,6.93,ProteinName=PG.ProteinAccessions|PeptideSequence=PEP.StrippedSequence|PrecursorCharge=FG.Charge|FragmentIon=F.FrgIon|ProductCharge=FG.Charge|Run=R.FileName|Intensity=F.NormalizedPeakArea|Qvalue=PG.Qvalue,
2026-09-26T13:36:44,llama3.2-3b,spectronaut,constrained,warm,38,3,6,0,8,7.17,ProteinName=PG.ProteinAccessions|PeptideSequence=PEP.StrippedSequence|PrecursorCharge=FG.Charge|FragmentIon=F.FrgIon|ProductCharge=FG.Charge|Run=R.FileName|Intensity=F.NormalizedPeakArea|Qvalue=PG.Qvalue,
2026-09-26T13:36:51,llama3.2-3b,spectronaut,constrained,warm,39,3,6,0,8,6.34,ProteinName=PG.ProteinAccessions|PeptideSequence=PEP.StrippedSequence|PrecursorCharge=FG.Charge|FragmentIon=F.FrgIon|ProductCharge=FG.Charge|Run=R.FileName|Intensity=F.NormalizedPeakArea|Qvalue=PG.Qvalue,
2026-09-26T13:36:57,llama3.2-3b,spectronaut,constrained,warm,40,3,6,0,8,6.59,ProteinName=PG.ProteinAccessions|PeptideSequence=PEP.StrippedSequence|PrecursorCharge=FG.Charge|FragmentIon=F.FrgIon|ProductCharge=FG.Charge|Run=R.FileName|Intensity=F.NormalizedPeakArea|Qvalue=PG.Qvalue,
2026-09-26T13:37:04,llama3.2-3b,spectronaut,constrained,warm,41,3,6,0,8,6.44,ProteinName=PG.ProteinAccessions|PeptideSequence=PEP.StrippedSequence|PrecursorCharge=FG.Charge|FragmentIon=F.FrgIon|ProductCharge=FG.Charge|Run=R.FileName|Intensity=F.NormalizedPeakArea|Qvalue=PG.Qvalue,
2026-09-26T13:37:10,llama3.2-3b,spectronaut,constrained,warm,42,3,6,0,8,6.58,ProteinName=PG.ProteinAccessions|PeptideSequence=PEP.StrippedSequence|PrecursorCharge=FG.Charge|FragmentIon=F.FrgIon|ProductCharge=FG.Charge|Run=R.FileName|Intensity=F.NormalizedPeakArea|Qvalue=PG.Qvalue,
2026-09-26T13:37:18,llama3.2-3b,spectronaut,constrained,warm,43,3,6,0,8,7.07,ProteinName=PG.ProteinAccessions|PeptideSequence=PEP.StrippedSequence|PrecursorCharge=FG.Charge|FragmentIon=F.FrgIon|ProductCharge=FG.Charge|Run=R.FileName|Intensity=F.NormalizedPeakArea|Qvalue=PG.Qvalue,
2026-09-26T13:37:25,llama3.2-3b,spectronaut,constrained,warm,44,3,6,0,8,6.83,ProteinName=PG.ProteinAccessions|PeptideSequence=PEP.StrippedSequence|PrecursorCharge=FG.Charge|FragmentIon=F.FrgIon|ProductCharge=FG.Charge|Run=R.FileName|Intensity=F.NormalizedPeakArea|Qvalue=PG.Qvalue,
2026-09-26T13:37:31,llama3.2-3b,spectronaut,constrained,warm,45,3,6,0,8,6.04,ProteinName=PG.ProteinAccessions|PeptideSequence=PEP.StrippedSequence|PrecursorCharge=FG.Charge|FragmentIon=F.FrgIon|ProductCharge=FG.Charge|Run=R.FileName|Intensity=F.NormalizedPeakArea|Qvalue=PG.Qvalue,
2026-09-26T13:37:38,llama3.2-3b,spectronaut,constrained,warm,46,3,6,0,8,6.76,ProteinName=PG.ProteinAccessions|PeptideSequence=PEP.StrippedSequence|PrecursorCharge=FG.Charge|FragmentIon=F.FrgIon|ProductCharge=FG.Charge|Run=R.FileName|Intensity=F.NormalizedPeakArea|Qvalue=PG.Qvalue,
2026-09-26T13:37:45,llama3.2-3b,spectronaut,constrained,warm,47,3,6,0,8,6.99,ProteinName=PG.ProteinAccessions|PeptideSequence=PEP.StrippedSequence|PrecursorCharge=FG.Charge|FragmentIon=F.FrgIon|ProductCharge=FG.Charge|Run=R.FileName|Intensity=F.NormalizedPeakArea|Qvalue=PG.Qvalue,
2026-09-26T13:37:51,llama3.2-3b,spectronaut,constrained,warm,48,3,6,0,8,6.67,ProteinName=PG.ProteinAccessions|PeptideSequence=PEP.StrippedSequence|PrecursorCharge=FG.Charge|FragmentIon=F.FrgIon|ProductCharge=FG.Charge|Run=R.FileName|Intensity=F.NormalizedPeakArea|Qvalue=PG.Qvalue,
2026-09-26T13:38:00,llama3.2-3b,spectronaut,constrained,warm,49,3,6,0,8,7.98,ProteinName=PG.ProteinAccessions|PeptideSequence=PEP.StrippedSequence|PrecursorCharge=FG.Charge|FragmentIon=F.FrgIon|ProductCharge=FG.Charge|Run=R.FileName|Intensity=F.NormalizedPeakArea|Qvalue=PG.Qvalue,
2026-09-26T13:38:08,llama3.2-3b,spectronaut,constrained,warm,50,3,6,0,8,8.65,ProteinName=PG.ProteinAccessions|PeptideSequence=PEP.StrippedSequence|PrecursorCharge=FG.Charge|FragmentIon=F.FrgIon|ProductCharge=FG.Charge|Run=R.FileName|Intensity=F.NormalizedPeakArea|Qvalue=PG.Qvalue,
2026-09-26T13:38:24,llama3.2-3b,spectronaut,constrained,reset,3,3,6,0,8,6.46,ProteinName=PG.ProteinAccessions|PeptideSequence=PEP.StrippedSequence|PrecursorCharge=FG.Charge|FragmentIon=F.FrgIon|ProductCharge=FG.Charge|Run=R.FileName|Intensity=F.NormalizedPeakArea|Qvalue=PG.Qvalue,
2026-09-26T13:38:31,llama3.2-3b,spectronaut,constrained,reset,4,3,6,0,8,7.02,ProteinName=PG.ProteinAccessions|PeptideSequence=PEP.StrippedSequence|PrecursorCharge=FG.Charge|FragmentIon=F.FrgIon|ProductCharge=FG.Charge|Run=R.FileName|Intensity=F.NormalizedPeakArea|Qvalue=PG.Qvalue,
2026-09-26T13:38:39,llama3.2-3b,spectronaut,constrained,reset,5,3,6,0,8,6.95,ProteinName=PG.ProteinAccessions|PeptideSequence=PEP.StrippedSequence|PrecursorCharge=FG.Charge|FragmentIon=F.FrgIon|ProductCharge=FG.Charge|Run=R.FileName|Intensity=F.NormalizedPeakArea|Qvalue=PG.Qvalue,
2026-09-26T13:38:47,llama3.2-3b,spectronaut,constrained,reset,6,3,6,0,8,7.25,ProteinName=PG.ProteinAccessions|PeptideSequence=PEP.StrippedSequence|PrecursorCharge=FG.Charge|FragmentIon=F.FrgIon|ProductCharge=FG.Charge|Run=R.FileName|Intensity=F.NormalizedPeakArea|Qvalue=PG.Qvalue,
2026-09-26T13:38:54,llama3.2-3b,spectronaut,constrained,reset,7,3,6,0,8,6.89,ProteinName=PG.ProteinAccessions|PeptideSequence=PEP.StrippedSequence|PrecursorCharge=FG.Charge|FragmentIon=F.FrgIon|ProductCharge=FG.Charge|Run=R.FileName|Intensity=F.NormalizedPeakArea|Qvalue=PG.Qvalue,
2026-09-26T13:39:01,llama3.2-3b,spectronaut,constrained,reset,8,3,6,0,8,6.51,ProteinName=PG.ProteinAccessions|PeptideSequence=PEP.StrippedSequence|PrecursorCharge=FG.Charge|FragmentIon=F.FrgIon|ProductCharge=FG.Charge|Run=R.FileName|Intensity=F.NormalizedPeakArea|Qvalue=PG.Qvalue,
2026-09-26T13:39:08,llama3.2-3b,spectronaut,constrained,reset,9,3,6,0,8,6.51,ProteinName=PG.ProteinAccessions|PeptideSequence=PEP.StrippedSequence|PrecursorCharge=FG.Charge|FragmentIon=F.FrgIon|ProductCharge=FG.Charge|Run=R.FileName|Intensity=F.NormalizedPeakArea|Qvalue=PG.Qvalue,
2026-09-26T13:39:16,llama3.2-3b,spectronaut,constrained,reset,10,3,6,0,8,7.11,ProteinName=PG.ProteinAccessions|PeptideSequence=PEP.StrippedSequence|PrecursorCharge=FG.Charge|FragmentIon=F.FrgIon|ProductCharge=FG.Charge|Run=R.FileName|Intensity=F.NormalizedPeakArea|Qvalue=PG.Qvalue,
2026-09-26T13:39:23,llama3.2-3b,spectronaut,constrained,reset,11,3,6,0,8,6.53,ProteinName=PG.ProteinAccessions|PeptideSequence=PEP.StrippedSequence|PrecursorCharge=FG.Charge|FragmentIon=F.FrgIon|ProductCharge=FG.Charge|Run=R.FileName|Intensity=F.NormalizedPeakArea|Qvalue=PG.Qvalue,
2026-09-26T13:39:31,llama3.2-3b,spectronaut,constrained,reset,12,3,6,0,8,6.75,ProteinName=PG.ProteinAccessions|PeptideSequence=PEP.StrippedSequence|PrecursorCharge=FG.Charge|FragmentIon=F.FrgIon|ProductCharge=FG.Charge|Run=R.FileName|Intensity=F.NormalizedPeakArea|Qvalue=PG.Qvalue,
2026-09-26T13:39:38,llama3.2-3b,spectronaut,constrained,reset,13,3,6,0,8,6.81,ProteinName=PG.ProteinAccessions|PeptideSequence=PEP.StrippedSequence|PrecursorCharge=FG.Charge|FragmentIon=F.FrgIon|ProductCharge=FG.Charge|Run=R.FileName|Intensity=F.NormalizedPeakArea|Qvalue=PG.Qvalue,
2026-09-26T13:39:45,llama3.2-3b,spectronaut,constrained,reset,14,3,6,0,8,6.33,ProteinName=PG.ProteinAccessions|PeptideSequence=PEP.StrippedSequence|PrecursorCharge=FG.Charge|FragmentIon=F.FrgIon|ProductCharge=FG.Charge|Run=R.FileName|Intensity=F.NormalizedPeakArea|Qvalue=PG.Qvalue,
2026-09-26T13:39:53,llama3.2-3b,spectronaut,constrained,reset,15,3,6,0,8,7.2,ProteinName=PG.ProteinAccessions|PeptideSequence=PEP.StrippedSequence|PrecursorCharge=FG.Charge|FragmentIon=F.FrgIon|ProductCharge=FG.Charge|Run=R.FileName|Intensity=F.NormalizedPeakArea|Qvalue=PG.Qvalue,
2026-09-26T13:40:00,llama3.2-3b,spectronaut,constrained,reset,16,3,6,0,8,6.75,ProteinName=PG.ProteinAccessions|PeptideSequence=PEP.StrippedSequence|PrecursorCharge=FG.Charge|FragmentIon=F.FrgIon|ProductCharge=FG.Charge|Run=R.FileName|Intensity=F.NormalizedPeakArea|Qvalue=PG.Qvalue,
2026-09-26T13:40:08,llama3.2-3b,spectronaut,constrained,reset,17,3,6,0,8,7.14,ProteinName=PG.ProteinAccessions|PeptideSequence=PEP.StrippedSequence|PrecursorCharge=FG.Charge|FragmentIon=F.FrgIon|ProductCharge=FG.Charge|Run=R.FileName|Intensity=F.NormalizedPeakArea|Qvalue=PG.Qvalue,
2026-09-26T13:40:16,llama3.2-3b,spectronaut,constrained,reset,18,3,6,0,8,7.47,ProteinName=PG.ProteinAccessions|PeptideSequence=PEP.StrippedSequence|PrecursorCharge=FG.Charge|FragmentIon=F.FrgIon|ProductCharge=FG.Charge|Run=R.FileName|Intensity=F.NormalizedPeakArea|Qvalue=PG.Qvalue,
2026-09-26T13:40:24,llama3.2-3b,spectronaut,constrained,reset,19,3,6,0,8,7,ProteinName=PG.ProteinAccessions|PeptideSequence=PEP.StrippedSequence|PrecursorCharge=FG.Charge|FragmentIon=F.FrgIon|ProductCharge=FG.Charge|Run=R.FileName|Intensity=F.NormalizedPeakArea|Qvalue=PG.Qvalue,
2026-09-26T13:40:31,llama3.2-3b,spectronaut,constrained,reset,20,3,6,0,8,7.17,ProteinName=PG.ProteinAccessions|PeptideSequence=PEP.StrippedSequence|PrecursorCharge=FG.Charge|FragmentIon=F.FrgIon|ProductCharge=FG.Charge|Run=R.FileName|Intensity=F.NormalizedPeakArea|Qvalue=PG.Qvalue,
2026-09-26T13:40:38,llama3.2-3b,spectronaut,constrained,reset,21,3,6,0,8,6.46,ProteinName=PG.ProteinAccessions|PeptideSequence=PEP.StrippedSequence|PrecursorCharge=FG.Charge|FragmentIon=F.FrgIon|ProductCharge=FG.Charge|Run=R.FileName|Intensity=F.NormalizedPeakArea|Qvalue=PG.Qvalue,
2026-09-26T13:40:45,llama3.2-3b,spectronaut,constrained,reset,22,3,6,0,8,6.67,ProteinName=PG.ProteinAccessions|PeptideSequence=PEP.StrippedSequence|PrecursorCharge=FG.Charge|FragmentIon=F.FrgIon|ProductCharge=FG.Charge|Run=R.FileName|Intensity=F.NormalizedPeakArea|Qvalue=PG.Qvalue,
2026-09-26T13:40:53,llama3.2-3b,spectronaut,constrained,reset,23,3,6,0,8,6.76,ProteinName=PG.ProteinAccessions|PeptideSequence=PEP.StrippedSequence|PrecursorCharge=FG.Charge|FragmentIon=F.FrgIon|ProductCharge=FG.Charge|Run=R.FileName|Intensity=F.NormalizedPeakArea|Qvalue=PG.Qvalue,
2026-09-26T13:41:00,llama3.2-3b,spectronaut,constrained,reset,24,3,6,0,8,7.05,ProteinName=PG.ProteinAccessions|PeptideSequence=PEP.StrippedSequence|PrecursorCharge=FG.Charge|FragmentIon=F.FrgIon|ProductCharge=FG.Charge|Run=R.FileName|Intensity=F.NormalizedPeakArea|Qvalue=PG.Qvalue,
2026-09-26T13:41:07,llama3.2-3b,spectronaut,constrained,reset,25,3,6,0,8,6.53,ProteinName=PG.ProteinAccessions|PeptideSequence=PEP.StrippedSequence|PrecursorCharge=FG.Charge|FragmentIon=F.FrgIon|ProductCharge=FG.Charge|Run=R.FileName|Intensity=F.NormalizedPeakArea|Qvalue=PG.Qvalue,
2026-09-26T13:41:15,llama3.2-3b,spectronaut,constrained,reset,26,3,6,0,8,6.76,ProteinName=PG.ProteinAccessions|PeptideSequence=PEP.StrippedSequence|PrecursorCharge=FG.Charge|FragmentIon=F.FrgIon|ProductCharge=FG.Charge|Run=R.FileName|Intensity=F.NormalizedPeakArea|Qvalue=PG.Qvalue,
2026-09-26T13:41:21,llama3.2-3b,spectronaut,constrained,reset,27,3,6,0,8,6.12,ProteinName=PG.ProteinAccessions|PeptideSequence=PEP.StrippedSequence|PrecursorCharge=FG.Charge|FragmentIon=F.FrgIon|ProductCharge=FG.Charge|Run=R.FileName|Intensity=F.NormalizedPeakArea|Qvalue=PG.Qvalue,
2026-09-26T13:41:28,llama3.2-3b,spectronaut,constrained,reset,28,3,6,0,8,6.39,ProteinName=PG.ProteinAccessions|PeptideSequence=PEP.StrippedSequence|PrecursorCharge=FG.Charge|FragmentIon=F.FrgIon|ProductCharge=FG.Charge|Run=R.FileName|Intensity=F.NormalizedPeakArea|Qvalue=PG.Qvalue,
2026-09-26T13:41:36,llama3.2-3b,spectronaut,constrained,reset,29,3,6,0,8,7.15,ProteinName=PG.ProteinAccessions|PeptideSequence=PEP.StrippedSequence|PrecursorCharge=FG.Charge|FragmentIon=F.FrgIon|ProductCharge=FG.Charge|Run=R.FileName|Intensity=F.NormalizedPeakArea|Qvalue=PG.Qvalue,
2026-09-26T13:41:44,llama3.2-3b,spectronaut,constrained,reset,30,3,6,0,8,7.22,ProteinName=PG.ProteinAccessions|PeptideSequence=PEP.StrippedSequence|PrecursorCharge=FG.Charge|FragmentIon=F.FrgIon|ProductCharge=FG.Charge|Run=R.FileName|Intensity=F.NormalizedPeakArea|Qvalue=PG.Qvalue,
2026-09-26T13:41:51,llama3.2-3b,spectronaut,constrained,reset,31,3,6,0,8,6.69,ProteinName=PG.ProteinAccessions|PeptideSequence=PEP.StrippedSequence|PrecursorCharge=FG.Charge|FragmentIon=F.FrgIon|ProductCharge=FG.Charge|Run=R.FileName|Intensity=F.NormalizedPeakArea|Qvalue=PG.Qvalue,
2026-09-26T13:41:59,llama3.2-3b,spectronaut,constrained,reset,32,3,6,0,8,7.1,ProteinName=PG.ProteinAccessions|PeptideSequence=PEP.StrippedSequence|PrecursorCharge=FG.Charge|FragmentIon=F.FrgIon|ProductCharge=FG.Charge|Run=R.FileName|Intensity=F.NormalizedPeakArea|Qvalue=PG.Qvalue,
2026-09-26T13:42:06,llama3.2-3b,spectronaut,constrained,reset,33,3,6,0,8,7.04,ProteinName=PG.ProteinAccessions|PeptideSequence=PEP.StrippedSequence|PrecursorCharge=FG.Charge|FragmentIon=F.FrgIon|ProductCharge=FG.Charge|Run=R.FileName|Intensity=F.NormalizedPeakArea|Qvalue=PG.Qvalue,
2026-09-26T13:42:14,llama3.2-3b,spectronaut,constrained,reset,34,3,6,0,8,7.1,ProteinName=PG.ProteinAccessions|PeptideSequence=PEP.StrippedSequence|PrecursorCharge=FG.Charge|FragmentIon=F.FrgIon|ProductCharge=FG.Charge|Run=R.FileName|Intensity=F.NormalizedPeakArea|Qvalue=PG.Qvalue,
2026-09-26T13:42:21,llama3.2-3b,spectronaut,constrained,reset,35,3,6,0,8,6.68,ProteinName=PG.ProteinAccessions|PeptideSequence=PEP.StrippedSequence|PrecursorCharge=FG.Charge|FragmentIon=F.FrgIon|ProductCharge=FG.Charge|Run=R.FileName|Intensity=F.NormalizedPeakArea|Qvalue=PG.Qvalue,
2026-09-26T13:42:28,llama3.2-3b,spectronaut,constrained,reset,36,3,6,0,8,6.28,ProteinName=PG.ProteinAccessions|PeptideSequence=PEP.StrippedSequence|PrecursorCharge=FG.Charge|FragmentIon=F.FrgIon|ProductCharge=FG.Charge|Run=R.FileName|Intensity=F.NormalizedPeakArea|Qvalue=PG.Qvalue,
2026-09-26T13:42:35,llama3.2-3b,spectronaut,constrained,reset,37,3,6,0,8,7.06,ProteinName=PG.ProteinAccessions|PeptideSequence=PEP.StrippedSequence|PrecursorCharge=FG.Charge|FragmentIon=F.FrgIon|ProductCharge=FG.Charge|Run=R.FileName|Intensity=F.NormalizedPeakArea|Qvalue=PG.Qvalue,
2026-09-26T13:42:43,llama3.2-3b,spectronaut,constrained,reset,38,3,6,0,8,6.86,ProteinName=PG.ProteinAccessions|PeptideSequence=PEP.StrippedSequence|PrecursorCharge=FG.Charge|FragmentIon=F.FrgIon|ProductCharge=FG.Charge|Run=R.FileName|Intensity=F.NormalizedPeakArea|Qvalue=PG.Qvalue,
2026-09-26T13:42:51,llama3.2-3b,spectronaut,constrained,reset,39,3,6,0,8,6.99,ProteinName=PG.ProteinAccessions|PeptideSequence=PEP.StrippedSequence|PrecursorCharge=FG.Charge|FragmentIon=F.FrgIon|ProductCharge=FG.Charge|Run=R.FileName|Intensity=F.NormalizedPeakArea|Qvalue=PG.Qvalue,
2026-09-26T13:42:57,llama3.2-3b,spectronaut,constrained,reset,40,3,6,0,8,6.28,ProteinName=PG.ProteinAccessions|PeptideSequence=PEP.StrippedSequence|PrecursorCharge=FG.Charge|FragmentIon=F.FrgIon|ProductCharge=FG.Charge|Run=R.FileName|Intensity=F.NormalizedPeakArea|Qvalue=PG.Qvalue,
2026-09-26T13:43:04,llama3.2-3b,spectronaut,constrained,reset,41,3,6,0,8,6.05,ProteinName=PG.ProteinAccessions|PeptideSequence=PEP.StrippedSequence|PrecursorCharge=FG.Charge|FragmentIon=F.FrgIon|ProductCharge=FG.Charge|Run=R.FileName|Intensity=F.NormalizedPeakArea|Qvalue=PG.Qvalue,
2026-09-26T13:43:11,llama3.2-3b,spectronaut,constrained,reset,42,3,6,0,8,5.88,ProteinName=PG.ProteinAccessions|PeptideSequence=PEP.StrippedSequence|PrecursorCharge=FG.Charge|FragmentIon=F.FrgIon|ProductCharge=FG.Charge|Run=R.FileName|Intensity=F.NormalizedPeakArea|Qvalue=PG.Qvalue,
2026-09-26T13:43:18,llama3.2-3b,spectronaut,constrained,reset,43,3,6,0,8,6.63,ProteinName=PG.ProteinAccessions|PeptideSequence=PEP.StrippedSequence|PrecursorCharge=FG.Charge|FragmentIon=F.FrgIon|ProductCharge=FG.Charge|Run=R.FileName|Intensity=F.NormalizedPeakArea|Qvalue=PG.Qvalue,
2026-09-26T13:43:26,llama3.2-3b,spectronaut,constrained,reset,44,3,6,0,8,6.76,ProteinName=PG.ProteinAccessions|PeptideSequence=PEP.StrippedSequence|PrecursorCharge=FG.Charge|FragmentIon=F.FrgIon|ProductCharge=FG.Charge|Run=R.FileName|Intensity=F.NormalizedPeakArea|Qvalue=PG.Qvalue,
2026-09-26T13:43:33,llama3.2-3b,spectronaut,constrained,reset,45,3,6,0,8,7.05,ProteinName=PG.ProteinAccessions|PeptideSequence=PEP.StrippedSequence|PrecursorCharge=FG.Charge|FragmentIon=F.FrgIon|ProductCharge=FG.Charge|Run=R.FileName|Intensity=F.NormalizedPeakArea|Qvalue=PG.Qvalue,
2026-09-26T13:43:40,llama3.2-3b,spectronaut,constrained,reset,46,3,6,0,8,6.36,ProteinName=PG.ProteinAccessions|PeptideSequence=PEP.StrippedSequence|PrecursorCharge=FG.Charge|FragmentIon=F.FrgIon|ProductCharge=FG.Charge|Run=R.FileName|Intensity=F.NormalizedPeakArea|Qvalue=PG.Qvalue,
2026-09-26T13:43:47,llama3.2-3b,spectronaut,constrained,reset,47,3,6,0,8,5.82,ProteinName=PG.ProteinAccessions|PeptideSequence=PEP.StrippedSequence|PrecursorCharge=FG.Charge|FragmentIon=F.FrgIon|ProductCharge=FG.Charge|Run=R.FileName|Intensity=F.NormalizedPeakArea|Qvalue=PG.Qvalue,
2026-09-26T13:43:54,llama3.2-3b,spectronaut,constrained,reset,48,3,6,0,8,6.81,ProteinName=PG.ProteinAccessions|PeptideSequence=PEP.StrippedSequence|PrecursorCharge=FG.Charge|FragmentIon=F.FrgIon|ProductCharge=FG.Charge|Run=R.FileName|Intensity=F.NormalizedPeakArea|Qvalue=PG.Qvalue,
2026-09-26T13:44:02,llama3.2-3b,spectronaut,constrained,reset,49,3,6,0,8,7,ProteinName=PG.ProteinAccessions|PeptideSequence=PEP.StrippedSequence|PrecursorCharge=FG.Charge|FragmentIon=F.FrgIon|ProductCharge=FG.Charge|Run=R.FileName|Intensity=F.NormalizedPeakArea|Qvalue=PG.Qvalue,
2026-09-26T13:44:09,llama3.2-3b,spectronaut,constrained,reset,50,3,6,0,8,6.47,ProteinName=PG.ProteinAccessions|PeptideSequence=PEP.StrippedSequence|PrecursorCharge=FG.Charge|FragmentIon=F.FrgIon|ProductCharge=FG.Charge|Run=R.FileName|Intensity=F.NormalizedPeakArea|Qvalue=PG.Qvalue,
2026-09-26T13:44:45,deepseek-r1-14b,proteome_discoverer,constrained,cold,3,6,7,0,8,34.06,ProteinName=Protein.Group.Accessions|PeptideSequence=Sequence|PrecursorCharge=Charge|FragmentIon=null|ProductCharge=null|Run=Spectrum.File|Intensity=Intensity|Qvalue=Exp.Value,
2026-09-26T13:45:20,deepseek-r1-14b,proteome_discoverer,constrained,cold,4,6,7,0,8,32.81,ProteinName=Protein.Group.Accessions|PeptideSequence=Sequence|PrecursorCharge=Charge|FragmentIon=null|ProductCharge=null|Run=Spectrum.File|Intensity=Intensity|Qvalue=Exp.Value,
2026-09-26T13:45:55,deepseek-r1-14b,proteome_discoverer,constrained,cold,5,6,7,0,8,32.94,ProteinName=Protein.Group.Accessions|PeptideSequence=Sequence|PrecursorCharge=Charge|FragmentIon=null|ProductCharge=null|Run=Spectrum.File|Intensity=Intensity|Qvalue=Exp.Value,
2026-09-26T13:46:30,deepseek-r1-14b,proteome_discoverer,constrained,cold,6,6,7,0,8,32.64,ProteinName=Protein.Group.Accessions|PeptideSequence=Sequence|PrecursorCharge=Charge|FragmentIon=null|ProductCharge=null|Run=Spectrum.File|Intensity=Intensity|Qvalue=Exp.Value,
2026-09-26T13:47:06,deepseek-r1-14b,proteome_discoverer,constrained,cold,7,6,7,0,8,33.54,ProteinName=Protein.Group.Accessions|PeptideSequence=Sequence|PrecursorCharge=Charge|FragmentIon=null|ProductCharge=null|Run=Spectrum.File|Intensity=Intensity|Qvalue=Exp.Value,
2026-09-26T13:47:41,deepseek-r1-14b,proteome_discoverer,constrained,cold,8,6,7,0,8,32.64,ProteinName=Protein.Group.Accessions|PeptideSequence=Sequence|PrecursorCharge=Charge|FragmentIon=null|ProductCharge=null|Run=Spectrum.File|Intensity=Intensity|Qvalue=Exp.Value,
2026-09-26T13:48:16,deepseek-r1-14b,proteome_discoverer,constrained,cold,9,6,7,0,8,33.52,ProteinName=Protein.Group.Accessions|PeptideSequence=Sequence|PrecursorCharge=Charge|FragmentIon=null|ProductCharge=null|Run=Spectrum.File|Intensity=Intensity|Qvalue=Exp.Value,
2026-09-26T13:48:53,deepseek-r1-14b,proteome_discoverer,constrained,cold,10,6,7,0,8,34.47,ProteinName=Protein.Group.Accessions|PeptideSequence=Sequence|PrecursorCharge=Charge|FragmentIon=null|ProductCharge=null|Run=Spectrum.File|Intensity=Intensity|Qvalue=Exp.Value,
2026-09-26T13:49:29,deepseek-r1-14b,proteome_discoverer,constrained,cold,11,6,7,0,8,34.09,ProteinName=Protein.Group.Accessions|PeptideSequence=Sequence|PrecursorCharge=Charge|FragmentIon=null|ProductCharge=null|Run=Spectrum.File|Intensity=Intensity|Qvalue=Exp.Value,
2026-09-26T13:50:05,deepseek-r1-14b,proteome_discoverer,constrained,cold,12,6,7,0,8,33.39,ProteinName=Protein.Group.Accessions|PeptideSequence=Sequence|PrecursorCharge=Charge|FragmentIon=null|ProductCharge=null|Run=Spectrum.File|Intensity=Intensity|Qvalue=Exp.Value,
2026-09-26T13:50:40,deepseek-r1-14b,proteome_discoverer,constrained,cold,13,6,7,0,8,32.83,ProteinName=Protein.Group.Accessions|PeptideSequence=Sequence|PrecursorCharge=Charge|FragmentIon=null|ProductCharge=null|Run=Spectrum.File|Intensity=Intensity|Qvalue=Exp.Value,
2026-09-26T13:51:16,deepseek-r1-14b,proteome_discoverer,constrained,cold,14,6,7,0,8,33.53,ProteinName=Protein.Group.Accessions|PeptideSequence=Sequence|PrecursorCharge=Charge|FragmentIon=null|ProductCharge=null|Run=Spectrum.File|Intensity=Intensity|Qvalue=Exp.Value,
2026-09-26T13:51:50,deepseek-r1-14b,proteome_discoverer,constrained,cold,15,6,7,0,8,32.34,ProteinName=Protein.Group.Accessions|PeptideSequence=Sequence|PrecursorCharge=Charge|FragmentIon=null|ProductCharge=null|Run=Spectrum.File|Intensity=Intensity|Qvalue=Exp.Value,
2026-09-26T13:52:25,deepseek-r1-14b,proteome_discoverer,constrained,cold,16,6,7,0,8,32.28,ProteinName=Protein.Group.Accessions|PeptideSequence=Sequence|PrecursorCharge=Charge|FragmentIon=null|ProductCharge=null|Run=Spectrum.File|Intensity=Intensity|Qvalue=Exp.Value,
2026-09-26T13:53:00,deepseek-r1-14b,proteome_discoverer,constrained,cold,17,6,7,0,8,33.01,ProteinName=Protein.Group.Accessions|PeptideSequence=Sequence|PrecursorCharge=Charge|FragmentIon=null|ProductCharge=null|Run=Spectrum.File|Intensity=Intensity|Qvalue=Exp.Value,
2026-09-26T13:53:36,deepseek-r1-14b,proteome_discoverer,constrained,cold,18,6,7,0,8,33.53,ProteinName=Protein.Group.Accessions|PeptideSequence=Sequence|PrecursorCharge=Charge|FragmentIon=null|ProductCharge=null|Run=Spectrum.File|Intensity=Intensity|Qvalue=Exp.Value,
2026-09-26T13:54:11,deepseek-r1-14b,proteome_discoverer,constrained,cold,19,6,7,0,8,33.36,ProteinName=Protein.Group.Accessions|PeptideSequence=Sequence|PrecursorCharge=Charge|FragmentIon=null|ProductCharge=null|Run=Spectrum.File|Intensity=Intensity|Qvalue=Exp.Value,
2026-09-26T13:54:33,deepseek-r1-14b,proteome_discoverer,constrained,cold,20,6,7,0,8,19.85,ProteinName=Protein.Group.Accessions|PeptideSequence=Sequence|PrecursorCharge=Charge|FragmentIon=null|ProductCharge=null|Run=Spectrum.File|Intensity=Intensity|Qvalue=Exp.Value,
2026-09-26T13:55:09,deepseek-r1-14b,proteome_discoverer,constrained,cold,21,6,7,0,8,33.63,ProteinName=Protein.Group.Accessions|PeptideSequence=Sequence|PrecursorCharge=Charge|FragmentIon=null|ProductCharge=null|Run=Spectrum.File|Intensity=Intensity|Qvalue=Exp.Value,
2026-09-26T13:55:46,deepseek-r1-14b,proteome_discoverer,constrained,cold,22,6,7,0,8,34.65,ProteinName=Protein.Group.Accessions|PeptideSequence=Sequence|PrecursorCharge=Charge|FragmentIon=null|ProductCharge=null|Run=Spectrum.File|Intensity=Intensity|Qvalue=Exp.Value,
2026-09-26T13:56:22,deepseek-r1-14b,proteome_discoverer,constrained,cold,23,6,7,0,8,34.45,ProteinName=Protein.Group.Accessions|PeptideSequence=Sequence|PrecursorCharge=Charge|FragmentIon=null|ProductCharge=null|Run=Spectrum.File|Intensity=Intensity|Qvalue=Exp.Value,
2026-09-26T13:56:58,deepseek-r1-14b,proteome_discoverer,constrained,cold,24,6,7,0,8,33.26,ProteinName=Protein.Group.Accessions|PeptideSequence=Sequence|PrecursorCharge=Charge|FragmentIon=null|ProductCharge=null|Run=Spectrum.File|Intensity=Intensity|Qvalue=Exp.Value,
2026-09-26T13:57:34,deepseek-r1-14b,proteome_discoverer,constrained,cold,25,6,7,0,8,33.57,ProteinName=Protein.Group.Accessions|PeptideSequence=Sequence|PrecursorCharge=Charge|FragmentIon=null|ProductCharge=null|Run=Spectrum.File|Intensity=Intensity|Qvalue=Exp.Value,
2026-09-26T13:58:09,deepseek-r1-14b,proteome_discoverer,constrained,cold,26,6,7,0,8,33.54,ProteinName=Protein.Group.Accessions|PeptideSequence=Sequence|PrecursorCharge=Charge|FragmentIon=null|ProductCharge=null|Run=Spectrum.File|Intensity=Intensity|Qvalue=Exp.Value,
2026-09-26T13:58:45,deepseek-r1-14b,proteome_discoverer,constrained,cold,27,6,7,0,8,33.18,ProteinName=Protein.Group.Accessions|PeptideSequence=Sequence|PrecursorCharge=Charge|FragmentIon=null|ProductCharge=null|Run=Spectrum.File|Intensity=Intensity|Qvalue=Exp.Value,
2026-09-26T13:59:20,deepseek-r1-14b,proteome_discoverer,constrained,cold,28,6,7,0,8,32.8,ProteinName=Protein.Group.Accessions|PeptideSequence=Sequence|PrecursorCharge=Charge|FragmentIon=null|ProductCharge=null|Run=Spectrum.File|Intensity=Intensity|Qvalue=Exp.Value,
2026-09-26T13:59:56,deepseek-r1-14b,proteome_discoverer,constrained,cold,29,6,7,0,8,33.82,ProteinName=Protein.Group.Accessions|PeptideSequence=Sequence|PrecursorCharge=Charge|FragmentIon=null|ProductCharge=null|Run=Spectrum.File|Intensity=Intensity|Qvalue=Exp.Value,
2026-09-26T14:00:32,deepseek-r1-14b,proteome_discoverer,constrained,cold,30,6,7,0,8,33.75,ProteinName=Protein.Group.Accessions|PeptideSequence=Sequence|PrecursorCharge=Charge|FragmentIon=null|ProductCharge=null|Run=Spectrum.File|Intensity=Intensity|Qvalue=Exp.Value,
2026-09-26T14:01:07,deepseek-r1-14b,proteome_discoverer,constrained,cold,31,6,7,0,8,33.28,ProteinName=Protein.Group.Accessions|PeptideSequence=Sequence|PrecursorCharge=Charge|FragmentIon=null|ProductCharge=null|Run=Spectrum.File|Intensity=Intensity|Qvalue=Exp.Value,
2026-09-26T14:01:43,deepseek-r1-14b,proteome_discoverer,constrained,cold,32,6,7,0,8,33.52,ProteinName=Protein.Group.Accessions|PeptideSequence=Sequence|PrecursorCharge=Charge|FragmentIon=null|ProductCharge=null|Run=Spectrum.File|Intensity=Intensity|Qvalue=Exp.Value,
2026-09-26T14:02:17,deepseek-r1-14b,proteome_discoverer,constrained,cold,33,6,7,0,8,32.32,ProteinName=Protein.Group.Accessions|PeptideSequence=Sequence|PrecursorCharge=Charge|FragmentIon=null|ProductCharge=null|Run=Spectrum.File|Intensity=Intensity|Qvalue=Exp.Value,
2026-09-26T14:02:52,deepseek-r1-14b,proteome_discoverer,constrained,cold,34,6,7,0,8,32.11,ProteinName=Protein.Group.Accessions|PeptideSequence=Sequence|PrecursorCharge=Charge|FragmentIon=null|ProductCharge=null|Run=Spectrum.File|Intensity=Intensity|Qvalue=Exp.Value,
2026-09-26T14:03:27,deepseek-r1-14b,proteome_discoverer,constrained,cold,35,6,7,0,8,33.11,ProteinName=Protein.Group.Accessions|PeptideSequence=Sequence|PrecursorCharge=Charge|FragmentIon=null|ProductCharge=null|Run=Spectrum.File|Intensity=Intensity|Qvalue=Exp.Value,
2026-09-26T14:04:02,deepseek-r1-14b,proteome_discoverer,constrained,cold,36,6,7,0,8,33.04,ProteinName=Protein.Group.Accessions|PeptideSequence=Sequence|PrecursorCharge=Charge|FragmentIon=null|ProductCharge=null|Run=Spectrum.File|Intensity=Intensity|Qvalue=Exp.Value,
2026-09-26T14:04:37,deepseek-r1-14b,proteome_discoverer,constrained,cold,37,6,7,0,8,32.22,ProteinName=Protein.Group.Accessions|PeptideSequence=Sequence|PrecursorCharge=Charge|FragmentIon=null|ProductCharge=null|Run=Spectrum.File|Intensity=Intensity|Qvalue=Exp.Value,
2026-09-26T14:05:12,deepseek-r1-14b,proteome_discoverer,constrained,cold,38,6,7,0,8,33.19,ProteinName=Protein.Group.Accessions|PeptideSequence=Sequence|PrecursorCharge=Charge|FragmentIon=null|ProductCharge=null|Run=Spectrum.File|Intensity=Intensity|Qvalue=Exp.Value,
2026-09-26T14:05:47,deepseek-r1-14b,proteome_discoverer,constrained,cold,39,6,7,0,8,33.2,ProteinName=Protein.Group.Accessions|PeptideSequence=Sequence|PrecursorCharge=Charge|FragmentIon=null|ProductCharge=null|Run=Spectrum.File|Intensity=Intensity|Qvalue=Exp.Value,
2026-09-26T14:06:22,deepseek-r1-14b,proteome_discoverer,constrained,cold,40,6,7,0,8,32.95,ProteinName=Protein.Group.Accessions|PeptideSequence=Sequence|PrecursorCharge=Charge|FragmentIon=null|ProductCharge=null|Run=Spectrum.File|Intensity=Intensity|Qvalue=Exp.Value,
2026-09-26T14:06:58,deepseek-r1-14b,proteome_discoverer,constrained,cold,41,6,7,0,8,33.13,ProteinName=Protein.Group.Accessions|PeptideSequence=Sequence|PrecursorCharge=Charge|FragmentIon=null|ProductCharge=null|Run=Spectrum.File|Intensity=Intensity|Qvalue=Exp.Value,
2026-09-26T14:07:33,deepseek-r1-14b,proteome_discoverer,constrained,cold,42,6,7,0,8,33.47,ProteinName=Protein.Group.Accessions|PeptideSequence=Sequence|PrecursorCharge=Charge|FragmentIon=null|ProductCharge=null|Run=Spectrum.File|Intensity=Intensity|Qvalue=Exp.Value,
2026-09-26T14:08:09,deepseek-r1-14b,proteome_discoverer,constrained,cold,43,6,7,0,8,33.46,ProteinName=Protein.Group.Accessions|PeptideSequence=Sequence|PrecursorCharge=Charge|FragmentIon=null|ProductCharge=null|Run=Spectrum.File|Intensity=Intensity|Qvalue=Exp.Value,
2026-09-26T14:08:46,deepseek-r1-14b,proteome_discoverer,constrained,cold,44,6,7,0,8,34.33,ProteinName=Protein.Group.Accessions|PeptideSequence=Sequence|PrecursorCharge=Charge|FragmentIon=null|ProductCharge=null|Run=Spectrum.File|Intensity=Intensity|Qvalue=Exp.Value,
2026-09-26T14:09:21,deepseek-r1-14b,proteome_discoverer,constrained,cold,45,6,7,0,8,33.56,ProteinName=Protein.Group.Accessions|PeptideSequence=Sequence|PrecursorCharge=Charge|FragmentIon=null|ProductCharge=null|Run=Spectrum.File|Intensity=Intensity|Qvalue=Exp.Value,
2026-09-26T14:09:58,deepseek-r1-14b,proteome_discoverer,constrained,cold,46,6,7,0,8,34.18,ProteinName=Protein.Group.Accessions|PeptideSequence=Sequence|PrecursorCharge=Charge|FragmentIon=null|ProductCharge=null|Run=Spectrum.File|Intensity=Intensity|Qvalue=Exp.Value,
2026-09-26T14:10:33,deepseek-r1-14b,proteome_discoverer,constrained,cold,47,6,7,0,8,33.14,ProteinName=Protein.Group.Accessions|PeptideSequence=Sequence|PrecursorCharge=Charge|FragmentIon=null|ProductCharge=null|Run=Spectrum.File|Intensity=Intensity|Qvalue=Exp.Value,
2026-09-26T14:11:08,deepseek-r1-14b,proteome_discoverer,constrained,cold,48,6,7,0,8,32.97,ProteinName=Protein.Group.Accessions|PeptideSequence=Sequence|PrecursorCharge=Charge|FragmentIon=null|ProductCharge=null|Run=Spectrum.File|Intensity=Intensity|Qvalue=Exp.Value,
2026-09-26T14:11:44,deepseek-r1-14b,proteome_discoverer,constrained,cold,49,6,7,0,8,33.1,ProteinName=Protein.Group.Accessions|PeptideSequence=Sequence|PrecursorCharge=Charge|FragmentIon=null|ProductCharge=null|Run=Spectrum.File|Intensity=Intensity|Qvalue=Exp.Value,
2026-09-26T14:12:20,deepseek-r1-14b,proteome_discoverer,constrained,cold,50,6,7,0,8,34.15,ProteinName=Protein.Group.Accessions|PeptideSequence=Sequence|PrecursorCharge=Charge|FragmentIon=null|ProductCharge=null|Run=Spectrum.File|Intensity=Intensity|Qvalue=Exp.Value,
2026-09-26T14:12:59,deepseek-r1-14b,proteome_discoverer,constrained,warm,3,6,7,0,8,19.54,ProteinName=Protein.Group.Accessions|PeptideSequence=Sequence|PrecursorCharge=Charge|FragmentIon=null|ProductCharge=null|Run=Spectrum.File|Intensity=Intensity|Qvalue=Exp.Value,
2026-09-26T14:13:20,deepseek-r1-14b,proteome_discoverer,constrained,warm,4,6,7,0,8,20.78,ProteinName=Protein.Group.Accessions|PeptideSequence=Sequence|PrecursorCharge=Charge|FragmentIon=null|ProductCharge=null|Run=Spectrum.File|Intensity=Intensity|Qvalue=Exp.Value,
2026-09-26T14:13:40,deepseek-r1-14b,proteome_discoverer,constrained,warm,5,6,7,0,8,19.66,ProteinName=Protein.Group.Accessions|PeptideSequence=Sequence|PrecursorCharge=Charge|FragmentIon=null|ProductCharge=null|Run=Spectrum.File|Intensity=Intensity|Qvalue=Exp.Value,
2026-09-26T14:14:01,deepseek-r1-14b,proteome_discoverer,constrained,warm,6,6,7,0,8,20.76,ProteinName=Protein.Group.Accessions|PeptideSequence=Sequence|PrecursorCharge=Charge|FragmentIon=null|ProductCharge=null|Run=Spectrum.File|Intensity=Intensity|Qvalue=Exp.Value,
2026-09-26T14:14:22,deepseek-r1-14b,proteome_discoverer,constrained,warm,7,6,7,0,8,21.05,ProteinName=Protein.Group.Accessions|PeptideSequence=Sequence|PrecursorCharge=Charge|FragmentIon=null|ProductCharge=null|Run=Spectrum.File|Intensity=Intensity|Qvalue=Exp.Value,
2026-09-26T14:14:43,deepseek-r1-14b,proteome_discoverer,constrained,warm,8,6,7,0,8,20.43,ProteinName=Protein.Group.Accessions|PeptideSequence=Sequence|PrecursorCharge=Charge|FragmentIon=null|ProductCharge=null|Run=Spectrum.File|Intensity=Intensity|Qvalue=Exp.Value,
2026-09-26T14:15:03,deepseek-r1-14b,proteome_discoverer,constrained,warm,9,6,7,0,8,20.61,ProteinName=Protein.Group.Accessions|PeptideSequence=Sequence|PrecursorCharge=Charge|FragmentIon=null|ProductCharge=null|Run=Spectrum.File|Intensity=Intensity|Qvalue=Exp.Value,
2026-09-26T14:15:25,deepseek-r1-14b,proteome_discoverer,constrained,warm,10,6,7,0,8,21.15,ProteinName=Protein.Group.Accessions|PeptideSequence=Sequence|PrecursorCharge=Charge|FragmentIon=null|ProductCharge=null|Run=Spectrum.File|Intensity=Intensity|Qvalue=Exp.Value,
2026-09-26T14:15:45,deepseek-r1-14b,proteome_discoverer,constrained,warm,11,6,7,0,8,20.87,ProteinName=Protein.Group.Accessions|PeptideSequence=Sequence|PrecursorCharge=Charge|FragmentIon=null|ProductCharge=null|Run=Spectrum.File|Intensity=Intensity|Qvalue=Exp.Value,
2026-09-26T14:16:06,deepseek-r1-14b,proteome_discoverer,constrained,warm,12,6,7,0,8,20.44,ProteinName=Protein.Group.Accessions|PeptideSequence=Sequence|PrecursorCharge=Charge|FragmentIon=null|ProductCharge=null|Run=Spectrum.File|Intensity=Intensity|Qvalue=Exp.Value,
2026-09-26T14:16:27,deepseek-r1-14b,proteome_discoverer,constrained,warm,13,6,7,0,8,20.57,ProteinName=Protein.Group.Accessions|PeptideSequence=Sequence|PrecursorCharge=Charge|FragmentIon=null|ProductCharge=null|Run=Spectrum.File|Intensity=Intensity|Qvalue=Exp.Value,
2026-09-26T14:16:48,deepseek-r1-14b,proteome_discoverer,constrained,warm,14,6,7,0,8,21.09,ProteinName=Protein.Group.Accessions|PeptideSequence=Sequence|PrecursorCharge=Charge|FragmentIon=null|ProductCharge=null|Run=Spectrum.File|Intensity=Intensity|Qvalue=Exp.Value,
2026-09-26T14:17:08,deepseek-r1-14b,proteome_discoverer,constrained,warm,15,6,7,0,8,20.17,ProteinName=Protein.Group.Accessions|PeptideSequence=Sequence|PrecursorCharge=Charge|FragmentIon=null|ProductCharge=null|Run=Spectrum.File|Intensity=Intensity|Qvalue=Exp.Value,
2026-09-26T14:17:30,deepseek-r1-14b,proteome_discoverer,constrained,warm,16,6,7,0,8,21.42,ProteinName=Protein.Group.Accessions|PeptideSequence=Sequence|PrecursorCharge=Charge|FragmentIon=null|ProductCharge=null|Run=Spectrum.File|Intensity=Intensity|Qvalue=Exp.Value,
2026-09-26T14:17:50,deepseek-r1-14b,proteome_discoverer,constrained,warm,17,6,7,0,8,20.26,ProteinName=Protein.Group.Accessions|PeptideSequence=Sequence|PrecursorCharge=Charge|FragmentIon=null|ProductCharge=null|Run=Spectrum.File|Intensity=Intensity|Qvalue=Exp.Value,
2026-09-26T14:18:10,deepseek-r1-14b,proteome_discoverer,constrained,warm,18,6,7,0,8,19.93,ProteinName=Protein.Group.Accessions|PeptideSequence=Sequence|PrecursorCharge=Charge|FragmentIon=null|ProductCharge=null|Run=Spectrum.File|Intensity=Intensity|Qvalue=Exp.Value,
2026-09-26T14:18:30,deepseek-r1-14b,proteome_discoverer,constrained,warm,19,6,7,0,8,19.91,ProteinName=Protein.Group.Accessions|PeptideSequence=Sequence|PrecursorCharge=Charge|FragmentIon=null|ProductCharge=null|Run=Spectrum.File|Intensity=Intensity|Qvalue=Exp.Value,
2026-09-26T14:18:50,deepseek-r1-14b,proteome_discoverer,constrained,warm,20,6,7,0,8,19.5,ProteinName=Protein.Group.Accessions|PeptideSequence=Sequence|PrecursorCharge=Charge|FragmentIon=null|ProductCharge=null|Run=Spectrum.File|Intensity=Intensity|Qvalue=Exp.Value,
2026-09-26T14:19:09,deepseek-r1-14b,proteome_discoverer,constrained,warm,21,6,7,0,8,19.44,ProteinName=Protein.Group.Accessions|PeptideSequence=Sequence|PrecursorCharge=Charge|FragmentIon=null|ProductCharge=null|Run=Spectrum.File|Intensity=Intensity|Qvalue=Exp.Value,
2026-09-26T14:19:30,deepseek-r1-14b,proteome_discoverer,constrained,warm,22,6,7,0,8,20.12,ProteinName=Protein.Group.Accessions|PeptideSequence=Sequence|PrecursorCharge=Charge|FragmentIon=null|ProductCharge=null|Run=Spectrum.File|Intensity=Intensity|Qvalue=Exp.Value,
2026-09-26T14:19:49,deepseek-r1-14b,proteome_discoverer,constrained,warm,23,6,7,0,8,19.8,ProteinName=Protein.Group.Accessions|PeptideSequence=Sequence|PrecursorCharge=Charge|FragmentIon=null|ProductCharge=null|Run=Spectrum.File|Intensity=Intensity|Qvalue=Exp.Value,
2026-09-26T14:20:12,deepseek-r1-14b,proteome_discoverer,constrained,warm,24,6,7,0,8,22.15,ProteinName=Protein.Group.Accessions|PeptideSequence=Sequence|PrecursorCharge=Charge|FragmentIon=null|ProductCharge=null|Run=Spectrum.File|Intensity=Intensity|Qvalue=Exp.Value,
2026-09-26T14:20:34,deepseek-r1-14b,proteome_discoverer,constrained,warm,25,6,7,0,8,21.95,ProteinName=Protein.Group.Accessions|PeptideSequence=Sequence|PrecursorCharge=Charge|FragmentIon=null|ProductCharge=null|Run=Spectrum.File|Intensity=Intensity|Qvalue=Exp.Value,
2026-09-26T14:20:55,deepseek-r1-14b,proteome_discoverer,constrained,warm,26,6,7,0,8,20.92,ProteinName=Protein.Group.Accessions|PeptideSequence=Sequence|PrecursorCharge=Charge|FragmentIon=null|ProductCharge=null|Run=Spectrum.File|Intensity=Intensity|Qvalue=Exp.Value,
2026-09-26T14:21:16,deepseek-r1-14b,proteome_discoverer,constrained,warm,27,6,7,0,8,20.89,ProteinName=Protein.Group.Accessions|PeptideSequence=Sequence|PrecursorCharge=Charge|FragmentIon=null|ProductCharge=null|Run=Spectrum.File|Intensity=Intensity|Qvalue=Exp.Value,
2026-09-26T14:21:37,deepseek-r1-14b,proteome_discoverer,constrained,warm,28,6,7,0,8,20.8,ProteinName=Protein.Group.Accessions|PeptideSequence=Sequence|PrecursorCharge=Charge|FragmentIon=null|ProductCharge=null|Run=Spectrum.File|Intensity=Intensity|Qvalue=Exp.Value,
2026-09-26T14:21:59,deepseek-r1-14b,proteome_discoverer,constrained,warm,29,6,7,0,8,21.9,ProteinName=Protein.Group.Accessions|PeptideSequence=Sequence|PrecursorCharge=Charge|FragmentIon=null|ProductCharge=null|Run=Spectrum.File|Intensity=Intensity|Qvalue=Exp.Value,
2026-09-26T14:22:19,deepseek-r1-14b,proteome_discoverer,constrained,warm,30,6,7,0,8,20.54,ProteinName=Protein.Group.Accessions|PeptideSequence=Sequence|PrecursorCharge=Charge|FragmentIon=null|ProductCharge=null|Run=Spectrum.File|Intensity=Intensity|Qvalue=Exp.Value,
2026-09-26T14:22:40,deepseek-r1-14b,proteome_discoverer,constrained,warm,31,6,7,0,8,20.19,ProteinName=Protein.Group.Accessions|PeptideSequence=Sequence|PrecursorCharge=Charge|FragmentIon=null|ProductCharge=null|Run=Spectrum.File|Intensity=Intensity|Qvalue=Exp.Value,
2026-09-26T14:23:01,deepseek-r1-14b,proteome_discoverer,constrained,warm,32,6,7,0,8,20.89,ProteinName=Protein.Group.Accessions|PeptideSequence=Sequence|PrecursorCharge=Charge|FragmentIon=null|ProductCharge=null|Run=Spectrum.File|Intensity=Intensity|Qvalue=Exp.Value,
2026-09-26T14:23:21,deepseek-r1-14b,proteome_discoverer,constrained,warm,33,6,7,0,8,20.08,ProteinName=Protein.Group.Accessions|PeptideSequence=Sequence|PrecursorCharge=Charge|FragmentIon=null|ProductCharge=null|Run=Spectrum.File|Intensity=Intensity|Qvalue=Exp.Value,
2026-09-26T14:23:41,deepseek-r1-14b,proteome_discoverer,constrained,warm,34,6,7,0,8,20.14,ProteinName=Protein.Group.Accessions|PeptideSequence=Sequence|PrecursorCharge=Charge|FragmentIon=null|ProductCharge=null|Run=Spectrum.File|Intensity=Intensity|Qvalue=Exp.Value,
2026-09-26T14:24:02,deepseek-r1-14b,proteome_discoverer,constrained,warm,35,6,7,0,8,20.46,ProteinName=Protein.Group.Accessions|PeptideSequence=Sequence|PrecursorCharge=Charge|FragmentIon=null|ProductCharge=null|Run=Spectrum.File|Intensity=Intensity|Qvalue=Exp.Value,
2026-09-26T14:24:22,deepseek-r1-14b,proteome_discoverer,constrained,warm,36,6,7,0,8,20.57,ProteinName=Protein.Group.Accessions|PeptideSequence=Sequence|PrecursorCharge=Charge|FragmentIon=null|ProductCharge=null|Run=Spectrum.File|Intensity=Intensity|Qvalue=Exp.Value,
2026-09-26T14:24:42,deepseek-r1-14b,proteome_discoverer,constrained,warm,37,6,7,0,8,19.93,ProteinName=Protein.Group.Accessions|PeptideSequence=Sequence|PrecursorCharge=Charge|FragmentIon=null|ProductCharge=null|Run=Spectrum.File|Intensity=Intensity|Qvalue=Exp.Value,
2026-09-26T14:25:03,deepseek-r1-14b,proteome_discoverer,constrained,warm,38,6,7,0,8,20.51,ProteinName=Protein.Group.Accessions|PeptideSequence=Sequence|PrecursorCharge=Charge|FragmentIon=null|ProductCharge=null|Run=Spectrum.File|Intensity=Intensity|Qvalue=Exp.Value,
2026-09-26T14:25:24,deepseek-r1-14b,proteome_discoverer,constrained,warm,39,6,7,0,8,21.38,ProteinName=Protein.Group.Accessions|PeptideSequence=Sequence|PrecursorCharge=Charge|FragmentIon=null|ProductCharge=null|Run=Spectrum.File|Intensity=Intensity|Qvalue=Exp.Value,
2026-09-26T14:25:45,deepseek-r1-14b,proteome_discoverer,constrained,warm,40,6,7,0,8,20.55,ProteinName=Protein.Group.Accessions|PeptideSequence=Sequence|PrecursorCharge=Charge|FragmentIon=null|ProductCharge=null|Run=Spectrum.File|Intensity=Intensity|Qvalue=Exp.Value,
2026-09-26T14:26:05,deepseek-r1-14b,proteome_discoverer,constrained,warm,41,6,7,0,8,19.75,ProteinName=Protein.Group.Accessions|PeptideSequence=Sequence|PrecursorCharge=Charge|FragmentIon=null|ProductCharge=null|Run=Spectrum.File|Intensity=Intensity|Qvalue=Exp.Value,
2026-09-26T14:26:25,deepseek-r1-14b,proteome_discoverer,constrained,warm,42,6,7,0,8,20.16,ProteinName=Protein.Group.Accessions|PeptideSequence=Sequence|PrecursorCharge=Charge|FragmentIon=null|ProductCharge=null|Run=Spectrum.File|Intensity=Intensity|Qvalue=Exp.Value,
2026-09-26T14:26:44,deepseek-r1-14b,proteome_discoverer,constrained,warm,43,6,7,0,8,19.27,ProteinName=Protein.Group.Accessions|PeptideSequence=Sequence|PrecursorCharge=Charge|FragmentIon=null|ProductCharge=null|Run=Spectrum.File|Intensity=Intensity|Qvalue=Exp.Value,
2026-09-26T14:27:05,deepseek-r1-14b,proteome_discoverer,constrained,warm,44,6,7,0,8,20.86,ProteinName=Protein.Group.Accessions|PeptideSequence=Sequence|PrecursorCharge=Charge|FragmentIon=null|ProductCharge=null|Run=Spectrum.File|Intensity=Intensity|Qvalue=Exp.Value,
2026-09-26T14:27:26,deepseek-r1-14b,proteome_discoverer,constrained,warm,45,6,7,0,8,20.82,ProteinName=Protein.Group.Accessions|PeptideSequence=Sequence|PrecursorCharge=Charge|FragmentIon=null|ProductCharge=null|Run=Spectrum.File|Intensity=Intensity|Qvalue=Exp.Value,
2026-09-26T14:27:46,deepseek-r1-14b,proteome_discoverer,constrained,warm,46,6,7,0,8,19.96,ProteinName=Protein.Group.Accessions|PeptideSequence=Sequence|PrecursorCharge=Charge|FragmentIon=null|ProductCharge=null|Run=Spectrum.File|Intensity=Intensity|Qvalue=Exp.Value,
2026-09-26T14:28:06,deepseek-r1-14b,proteome_discoverer,constrained,warm,47,6,7,0,8,19.18,ProteinName=Protein.Group.Accessions|PeptideSequence=Sequence|PrecursorCharge=Charge|FragmentIon=null|ProductCharge=null|Run=Spectrum.File|Intensity=Intensity|Qvalue=Exp.Value,
2026-09-26T14:28:27,deepseek-r1-14b,proteome_discoverer,constrained,warm,48,6,7,0,8,20.73,ProteinName=Protein.Group.Accessions|PeptideSequence=Sequence|PrecursorCharge=Charge|FragmentIon=null|ProductCharge=null|Run=Spectrum.File|Intensity=Intensity|Qvalue=Exp.Value,
2026-09-26T14:28:48,deepseek-r1-14b,proteome_discoverer,constrained,warm,49,6,7,0,8,21.35,ProteinName=Protein.Group.Accessions|PeptideSequence=Sequence|PrecursorCharge=Charge|FragmentIon=null|ProductCharge=null|Run=Spectrum.File|Intensity=Intensity|Qvalue=Exp.Value,
2026-09-26T14:29:08,deepseek-r1-14b,proteome_discoverer,constrained,warm,50,6,7,0,8,20.24,ProteinName=Protein.Group.Accessions|PeptideSequence=Sequence|PrecursorCharge=Charge|FragmentIon=null|ProductCharge=null|Run=Spectrum.File|Intensity=Intensity|Qvalue=Exp.Value,
2026-09-26T14:29:52,deepseek-r1-14b,proteome_discoverer,constrained,reset,3,6,7,0,8,20.79,ProteinName=Protein.Group.Accessions|PeptideSequence=Sequence|PrecursorCharge=Charge|FragmentIon=null|ProductCharge=null|Run=Spectrum.File|Intensity=Intensity|Qvalue=Exp.Value,
2026-09-26T14:30:13,deepseek-r1-14b,proteome_discoverer,constrained,reset,4,6,7,0,8,20.68,ProteinName=Protein.Group.Accessions|PeptideSequence=Sequence|PrecursorCharge=Charge|FragmentIon=null|ProductCharge=null|Run=Spectrum.File|Intensity=Intensity|Qvalue=Exp.Value,
2026-09-26T14:30:36,deepseek-r1-14b,proteome_discoverer,constrained,reset,5,6,7,0,8,21.85,ProteinName=Protein.Group.Accessions|PeptideSequence=Sequence|PrecursorCharge=Charge|FragmentIon=null|ProductCharge=null|Run=Spectrum.File|Intensity=Intensity|Qvalue=Exp.Value,
2026-09-26T14:30:58,deepseek-r1-14b,proteome_discoverer,constrained,reset,6,6,7,0,8,20.84,ProteinName=Protein.Group.Accessions|PeptideSequence=Sequence|PrecursorCharge=Charge|FragmentIon=null|ProductCharge=null|Run=Spectrum.File|Intensity=Intensity|Qvalue=Exp.Value,
2026-09-26T14:31:21,deepseek-r1-14b,proteome_discoverer,constrained,reset,7,6,7,0,8,21.95,ProteinName=Protein.Group.Accessions|PeptideSequence=Sequence|PrecursorCharge=Charge|FragmentIon=null|ProductCharge=null|Run=Spectrum.File|Intensity=Intensity|Qvalue=Exp.Value,
2026-09-26T14:31:44,deepseek-r1-14b,proteome_discoverer,constrained,reset,8,6,7,0,8,22.25,ProteinName=Protein.Group.Accessions|PeptideSequence=Sequence|PrecursorCharge=Charge|FragmentIon=null|ProductCharge=null|Run=Spectrum.File|Intensity=Intensity|Qvalue=Exp.Value,
2026-09-26T14:32:06,deepseek-r1-14b,proteome_discoverer,constrained,reset,9,6,7,0,8,21.99,ProteinName=Protein.Group.Accessions|PeptideSequence=Sequence|PrecursorCharge=Charge|FragmentIon=null|ProductCharge=null|Run=Spectrum.File|Intensity=Intensity|Qvalue=Exp.Value,
2026-09-26T14:32:29,deepseek-r1-14b,proteome_discoverer,constrained,reset,10,6,7,0,8,21.53,ProteinName=Protein.Group.Accessions|PeptideSequence=Sequence|PrecursorCharge=Charge|FragmentIon=null|ProductCharge=null|Run=Spectrum.File|Intensity=Intensity|Qvalue=Exp.Value,
2026-09-26T14:32:52,deepseek-r1-14b,proteome_discoverer,constrained,reset,11,6,7,0,8,21.96,ProteinName=Protein.Group.Accessions|PeptideSequence=Sequence|PrecursorCharge=Charge|FragmentIon=null|ProductCharge=null|Run=Spectrum.File|Intensity=Intensity|Qvalue=Exp.Value,
2026-09-26T14:33:14,deepseek-r1-14b,proteome_discoverer,constrained,reset,12,6,7,0,8,21.86,ProteinName=Protein.Group.Accessions|PeptideSequence=Sequence|PrecursorCharge=Charge|FragmentIon=null|ProductCharge=null|Run=Spectrum.File|Intensity=Intensity|Qvalue=Exp.Value,
2026-09-26T14:33:36,deepseek-r1-14b,proteome_discoverer,constrained,reset,13,6,7,0,8,21.13,ProteinName=Protein.Group.Accessions|PeptideSequence=Sequence|PrecursorCharge=Charge|FragmentIon=null|ProductCharge=null|Run=Spectrum.File|Intensity=Intensity|Qvalue=Exp.Value,
2026-09-26T14:33:58,deepseek-r1-14b,proteome_discoverer,constrained,reset,14,6,7,0,8,21.29,ProteinName=Protein.Group.Accessions|PeptideSequence=Sequence|PrecursorCharge=Charge|FragmentIon=null|ProductCharge=null|Run=Spectrum.File|Intensity=Intensity|Qvalue=Exp.Value,
2026-09-26T14:34:20,deepseek-r1-14b,proteome_discoverer,constrained,reset,15,6,7,0,8,20.96,ProteinName=Protein.Group.Accessions|PeptideSequence=Sequence|PrecursorCharge=Charge|FragmentIon=null|ProductCharge=null|Run=Spectrum.File|Intensity=Intensity|Qvalue=Exp.Value,
2026-09-26T14:34:42,deepseek-r1-14b,proteome_discoverer,constrained,reset,16,6,7,0,8,21.53,ProteinName=Protein.Group.Accessions|PeptideSequence=Sequence|PrecursorCharge=Charge|FragmentIon=null|ProductCharge=null|Run=Spectrum.File|Intensity=Intensity|Qvalue=Exp.Value,
2026-09-26T14:35:04,deepseek-r1-14b,proteome_discoverer,constrained,reset,17,6,7,0,8,21.21,ProteinName=Protein.Group.Accessions|PeptideSequence=Sequence|PrecursorCharge=Charge|FragmentIon=null|ProductCharge=null|Run=Spectrum.File|Intensity=Intensity|Qvalue=Exp.Value,
2026-09-26T14:35:27,deepseek-r1-14b,proteome_discoverer,constrained,reset,18,6,7,0,8,21.54,ProteinName=Protein.Group.Accessions|PeptideSequence=Sequence|PrecursorCharge=Charge|FragmentIon=null|ProductCharge=null|Run=Spectrum.File|Intensity=Intensity|Qvalue=Exp.Value,
2026-09-26T14:35:48,deepseek-r1-14b,proteome_discoverer,constrained,reset,19,6,7,0,8,20.95,ProteinName=Protein.Group.Accessions|PeptideSequence=Sequence|PrecursorCharge=Charge|FragmentIon=null|ProductCharge=null|Run=Spectrum.File|Intensity=Intensity|Qvalue=Exp.Value,
2026-09-26T14:36:09,deepseek-r1-14b,proteome_discoverer,constrained,reset,20,6,7,0,8,20.63,ProteinName=Protein.Group.Accessions|PeptideSequence=Sequence|PrecursorCharge=Charge|FragmentIon=null|ProductCharge=null|Run=Spectrum.File|Intensity=Intensity|Qvalue=Exp.Value,
2026-09-26T14:36:31,deepseek-r1-14b,proteome_discoverer,constrained,reset,21,6,7,0,8,20.74,ProteinName=Protein.Group.Accessions|PeptideSequence=Sequence|PrecursorCharge=Charge|FragmentIon=null|ProductCharge=null|Run=Spectrum.File|Intensity=Intensity|Qvalue=Exp.Value,
2026-09-26T14:36:52,deepseek-r1-14b,proteome_discoverer,constrained,reset,22,6,7,0,8,20.17,ProteinName=Protein.Group.Accessions|PeptideSequence=Sequence|PrecursorCharge=Charge|FragmentIon=null|ProductCharge=null|Run=Spectrum.File|Intensity=Intensity|Qvalue=Exp.Value,
2026-09-26T14:37:13,deepseek-r1-14b,proteome_discoverer,constrained,reset,23,6,7,0,8,20.64,ProteinName=Protein.Group.Accessions|PeptideSequence=Sequence|PrecursorCharge=Charge|FragmentIon=null|ProductCharge=null|Run=Spectrum.File|Intensity=Intensity|Qvalue=Exp.Value,
2026-09-26T14:37:34,deepseek-r1-14b,proteome_discoverer,constrained,reset,24,6,7,0,8,20.09,ProteinName=Protein.Group.Accessions|PeptideSequence=Sequence|PrecursorCharge=Charge|FragmentIon=null|ProductCharge=null|Run=Spectrum.File|Intensity=Intensity|Qvalue=Exp.Value,
2026-09-26T14:37:55,deepseek-r1-14b,proteome_discoverer,constrained,reset,25,6,7,0,8,20.13,ProteinName=Protein.Group.Accessions|PeptideSequence=Sequence|PrecursorCharge=Charge|FragmentIon=null|ProductCharge=null|Run=Spectrum.File|Intensity=Intensity|Qvalue=Exp.Value,
2026-09-26T14:38:17,deepseek-r1-14b,proteome_discoverer,constrained,reset,26,6,7,0,8,20.63,ProteinName=Protein.Group.Accessions|PeptideSequence=Sequence|PrecursorCharge=Charge|FragmentIon=null|ProductCharge=null|Run=Spectrum.File|Intensity=Intensity|Qvalue=Exp.Value,
2026-09-26T14:38:40,deepseek-r1-14b,proteome_discoverer,constrained,reset,27,6,7,0,8,22.16,ProteinName=Protein.Group.Accessions|PeptideSequence=Sequence|PrecursorCharge=Charge|FragmentIon=null|ProductCharge=null|Run=Spectrum.File|Intensity=Intensity|Qvalue=Exp.Value,
2026-09-26T14:39:02,deepseek-r1-14b,proteome_discoverer,constrained,reset,28,6,7,0,8,20.85,ProteinName=Protein.Group.Accessions|PeptideSequence=Sequence|PrecursorCharge=Charge|FragmentIon=null|ProductCharge=null|Run=Spectrum.File|Intensity=Intensity|Qvalue=Exp.Value,
2026-09-26T14:39:22,deepseek-r1-14b,proteome_discoverer,constrained,reset,29,6,7,0,8,19.57,ProteinName=Protein.Group.Accessions|PeptideSequence=Sequence|PrecursorCharge=Charge|FragmentIon=null|ProductCharge=null|Run=Spectrum.File|Intensity=Intensity|Qvalue=Exp.Value,
2026-09-26T14:39:44,deepseek-r1-14b,proteome_discoverer,constrained,reset,30,6,7,0,8,20.16,ProteinName=Protein.Group.Accessions|PeptideSequence=Sequence|PrecursorCharge=Charge|FragmentIon=null|ProductCharge=null|Run=Spectrum.File|Intensity=Intensity|Qvalue=Exp.Value,
2026-09-26T14:40:05,deepseek-r1-14b,proteome_discoverer,constrained,reset,31,6,7,0,8,20.64,ProteinName=Protein.Group.Accessions|PeptideSequence=Sequence|PrecursorCharge=Charge|FragmentIon=null|ProductCharge=null|Run=Spectrum.File|Intensity=Intensity|Qvalue=Exp.Value,
2026-09-26T14:40:26,deepseek-r1-14b,proteome_discoverer,constrained,reset,32,6,7,0,8,19.98,ProteinName=Protein.Group.Accessions|PeptideSequence=Sequence|PrecursorCharge=Charge|FragmentIon=null|ProductCharge=null|Run=Spectrum.File|Intensity=Intensity|Qvalue=Exp.Value,
2026-09-26T14:40:48,deepseek-r1-14b,proteome_discoverer,constrained,reset,33,6,7,0,8,21.36,ProteinName=Protein.Group.Accessions|PeptideSequence=Sequence|PrecursorCharge=Charge|FragmentIon=null|ProductCharge=null|Run=Spectrum.File|Intensity=Intensity|Qvalue=Exp.Value,
2026-09-26T14:41:10,deepseek-r1-14b,proteome_discoverer,constrained,reset,34,6,7,0,8,21.05,ProteinName=Protein.Group.Accessions|PeptideSequence=Sequence|PrecursorCharge=Charge|FragmentIon=null|ProductCharge=null|Run=Spectrum.File|Intensity=Intensity|Qvalue=Exp.Value,
2026-09-26T14:41:32,deepseek-r1-14b,proteome_discoverer,constrained,reset,35,6,7,0,8,20.94,ProteinName=Protein.Group.Accessions|PeptideSequence=Sequence|PrecursorCharge=Charge|FragmentIon=null|ProductCharge=null|Run=Spectrum.File|Intensity=Intensity|Qvalue=Exp.Value,
2026-09-26T14:41:52,deepseek-r1-14b,proteome_discoverer,constrained,reset,36,6,7,0,8,19.98,ProteinName=Protein.Group.Accessions|PeptideSequence=Sequence|PrecursorCharge=Charge|FragmentIon=null|ProductCharge=null|Run=Spectrum.File|Intensity=Intensity|Qvalue=Exp.Value,
2026-09-26T14:42:14,deepseek-r1-14b,proteome_discoverer,constrained,reset,37,6,7,0,8,20.67,ProteinName=Protein.Group.Accessions|PeptideSequence=Sequence|PrecursorCharge=Charge|FragmentIon=null|ProductCharge=null|Run=Spectrum.File|Intensity=Intensity|Qvalue=Exp.Value,
2026-09-26T14:42:37,deepseek-r1-14b,proteome_discoverer,constrained,reset,38,6,7,0,8,22.02,ProteinName=Protein.Group.Accessions|PeptideSequence=Sequence|PrecursorCharge=Charge|FragmentIon=null|ProductCharge=null|Run=Spectrum.File|Intensity=Intensity|Qvalue=Exp.Value,
2026-09-26T14:42:59,deepseek-r1-14b,proteome_discoverer,constrained,reset,39,6,7,0,8,21.89,ProteinName=Protein.Group.Accessions|PeptideSequence=Sequence|PrecursorCharge=Charge|FragmentIon=null|ProductCharge=null|Run=Spectrum.File|Intensity=Intensity|Qvalue=Exp.Value,
2026-09-26T14:43:22,deepseek-r1-14b,proteome_discoverer,constrained,reset,40,6,7,0,8,21.92,ProteinName=Protein.Group.Accessions|PeptideSequence=Sequence|PrecursorCharge=Charge|FragmentIon=null|ProductCharge=null|Run=Spectrum.File|Intensity=Intensity|Qvalue=Exp.Value,
2026-09-26T14:43:43,deepseek-r1-14b,proteome_discoverer,constrained,reset,41,6,7,0,8,20.78,ProteinName=Protein.Group.Accessions|PeptideSequence=Sequence|PrecursorCharge=Charge|FragmentIon=null|ProductCharge=null|Run=Spectrum.File|Intensity=Intensity|Qvalue=Exp.Value,
2026-09-26T14:44:05,deepseek-r1-14b,proteome_discoverer,constrained,reset,42,6,7,0,8,20.77,ProteinName=Protein.Group.Accessions|PeptideSequence=Sequence|PrecursorCharge=Charge|FragmentIon=null|ProductCharge=null|Run=Spectrum.File|Intensity=Intensity|Qvalue=Exp.Value,
2026-09-26T14:44:27,deepseek-r1-14b,proteome_discoverer,constrained,reset,43,6,7,0,8,21.66,ProteinName=Protein.Group.Accessions|PeptideSequence=Sequence|PrecursorCharge=Charge|FragmentIon=null|ProductCharge=null|Run=Spectrum.File|Intensity=Intensity|Qvalue=Exp.Value,
2026-09-26T14:44:48,deepseek-r1-14b,proteome_discoverer,constrained,reset,44,6,7,0,8,20.68,ProteinName=Protein.Group.Accessions|PeptideSequence=Sequence|PrecursorCharge=Charge|FragmentIon=null|ProductCharge=null|Run=Spectrum.File|Intensity=Intensity|Qvalue=Exp.Value,
2026-09-26T14:45:11,deepseek-r1-14b,proteome_discoverer,constrained,reset,45,6,7,0,8,21.51,ProteinName=Protein.Group.Accessions|PeptideSequence=Sequence|PrecursorCharge=Charge|FragmentIon=null|ProductCharge=null|Run=Spectrum.File|Intensity=Intensity|Qvalue=Exp.Value,
2026-09-26T14:45:32,deepseek-r1-14b,proteome_discoverer,constrained,reset,46,6,7,0,8,20.73,ProteinName=Protein.Group.Accessions|PeptideSequence=Sequence|PrecursorCharge=Charge|FragmentIon=null|ProductCharge=null|Run=Spectrum.File|Intensity=Intensity|Qvalue=Exp.Value,
2026-09-26T14:45:54,deepseek-r1-14b,proteome_discoverer,constrained,reset,47,6,7,0,8,21.45,ProteinName=Protein.Group.Accessions|PeptideSequence=Sequence|PrecursorCharge=Charge|FragmentIon=null|ProductCharge=null|Run=Spectrum.File|Intensity=Intensity|Qvalue=Exp.Value,
2026-09-26T14:46:17,deepseek-r1-14b,proteome_discoverer,constrained,reset,48,6,7,0,8,21.61,ProteinName=Protein.Group.Accessions|PeptideSequence=Sequence|PrecursorCharge=Charge|FragmentIon=null|ProductCharge=null|Run=Spectrum.File|Intensity=Intensity|Qvalue=Exp.Value,
2026-09-26T14:46:38,deepseek-r1-14b,proteome_discoverer,constrained,reset,49,6,7,0,8,21.18,ProteinName=Protein.Group.Accessions|PeptideSequence=Sequence|PrecursorCharge=Charge|FragmentIon=null|ProductCharge=null|Run=Spectrum.File|Intensity=Intensity|Qvalue=Exp.Value,
2026-09-26T14:47:00,deepseek-r1-14b,proteome_discoverer,constrained,reset,50,6,7,0,8,20.87,ProteinName=Protein.Group.Accessions|PeptideSequence=Sequence|PrecursorCharge=Charge|FragmentIon=null|ProductCharge=null|Run=Spectrum.File|Intensity=Intensity|Qvalue=Exp.Value,
