model,tool,prompt,exact_accuracy,acceptable_accuracy,candidate_rate,mean_conf,mean_time_sec,n_trials
llama3.2-3b,spectronaut,lean,0.5,0.625,0,1,5.58333333333333,3
llama3.2-3b,spectronaut,constrained,0.375,0.625,0,0.9425,8.85,3
llama3.2-3b,spectronaut,filter_aware,0.375,0.625,0,1,14.6766666666667,3
llama3.2-3b,spectronaut,constrained_filter,0.375,0.625,0.125,0.935,14.65,3
llama3.2-3b,spectronaut,constrained_v2,0.5,0.75,0,0.965,7.76666666666667,3
llama3.2-3b,spectronaut,constrained_filter_v2,0.375,0.625,0.125,0.95,8.38333333333333,3
llama3.2-3b,spectronaut,constrained_v3,0.5,0.75,0,0.965,7.62333333333333,3
llama3.2-3b,spectronaut,constrained_filter_v3,0.5,0.75,0.125,0.98,9.51,3
llama3.1-8b,spectronaut,lean,0.5,0.75,0,0.9625,5.49,3
llama3.1-8b,spectronaut,constrained,0.5,0.75,0,0.9725,5.56666666666667,3
llama3.1-8b,spectronaut,filter_aware,0.375,0.625,0,1,8.58333333333333,3
llama3.1-8b,spectronaut,constrained_filter,0.375,0.625,0,0.965,9.84333333333333,3
llama3.1-8b,spectronaut,constrained_v2,0.625,0.875,0,0.9725,5.65333333333333,3
llama3.1-8b,spectronaut,constrained_filter_v2,0.5,0.75,0,0.9725,5.59666666666667,3
llama3.1-8b,spectronaut,constrained_v3,0.75,1,0,0.9725,5.38,3
llama3.1-8b,spectronaut,constrained_filter_v3,0.625,0.875,0,0.965,6.32333333333333,3
deepseek-r1-14b,spectronaut,lean,0.625,0.875,0,1,19.0366666666667,3
deepseek-r1-14b,spectronaut,constrained,0.625,0.875,0,0.98,21.89,3
deepseek-r1-14b,spectronaut,filter_aware,0.625,0.875,0,0.925,29.0733333333333,3
deepseek-r1-14b,spectronaut,constrained_filter,0.5,0.75,0,0.98,28.6433333333333,3
deepseek-r1-14b,spectronaut,constrained_v2,0.75,1,0,0.9725,16.99,3
deepseek-r1-14b,spectronaut,constrained_filter_v2,0.625,0.875,0,0.9575,27.6166666666667,3
deepseek-r1-14b,spectronaut,constrained_v3,0.625,0.875,0,0.98,17.9966666666667,3
deepseek-r1-14b,spectronaut,constrained_filter_v3,0.625,0.875,0,0.9725,25.6633333333333,3
